EmployeeId,Firstname,Surname,EmploymentDate,HourlyRate,DirectReportsCount
5B422DA4-E12F-0C4B-0248-F7DE91CC4907,Lance,Donaldson,18/09/2018,20.4,16
149E118C-901B-2478-F410-72E53931A962,Claire,Snow,03/09/2019,22.9,2
498511D1-157C-32C5-B2D7-2255F113ECA5,Keane,Nguyen,26/04/2018,19.2,27
73287FCD-4A67-11A3-7071-429E0AD27214,Baxter,Giles,15/06/2019,23.8,16
11DDAD8D-95D6-F418-A6C1-10AAD2E95DFF,Josephine,Woodward,15/05/2018,19.7,0
01164B7D-C7EA-A855-8CD5-4D9BCC20C5B7,Nicholas,Giles,24/06/2018,18.6,0
FFCEF957-C9AF-092C-DDC5-01FE99E07136,Sonia,Hogan,10/12/2018,20.1,29
0DC2BB8E-B9C0-04E4-F504-A91F8C97D557,Carson,Rosario,14/01/2019,18.5,28
7B299CFF-264A-0CBF-2501-6A58C37BC1D6,Ray,Reeves,03/01/2018,21.7,19
2AC52BAA-7AB3-D69D-EF70-5FCD3EAAE15D,Thomas,Todd,17/08/2018,23.1,18
CBEC42B4-6AAF-EA73-6BDD-781A87C46C0C,Shafira,Taylor,22/09/2017,19.4,39
18ED850D-AD02-F22E-6423-5C48174695D0,Vanna,Spence,16/10/2018,16.1,46
F37FA77C-214F-E79D-0A43-396EF59ABB52,Keaton,Charles,09/10/2018,22.6,37
D5C4BEBB-05B0-B58F-5530-D330E72B5CF6,Chaim,Griffith,08/02/2018,19.1,13
0825BDD6-A959-0BDC-2117-E57B5BB08C88,Jayme,Schwartz,17/10/2018,19.7,22
EF03BCE8-307F-147A-EA05-A97543DB9F35,Ronan,Mendez,27/06/2018,14.6,1
8AEF55E6-FEC4-FC8A-B042-58F753D6A427,Jocelyn,Reese,23/10/2017,19.9,50
12FD352C-D708-0101-7A82-CC43744AEEA9,Brendan,Roth,18/08/2019,22,48
3DC9EEF6-2D19-1BAA-7029-9AEC36FD1300,Jolie,Grimes,21/09/2017,19,27
02E62090-16F3-5121-5099-ADAAE560C290,Noelani,Long,13/02/2018,19,4
5ABED2EB-6C26-DEF0-F9A8-980796B2EA60,Mara,Martin,11/05/2018,18.7,41
835E1B6E-E026-DAAF-C669-961DC7919B3D,Ralph,Garner,07/10/2017,21.3,11
B0AF6D00-A88F-798B-2778-D99FF55C33EB,Kato,Young,27/08/2018,24.2,28
4DD655E6-E2F1-77C0-5FE7-2BA9024C2B7A,Bruno,Mccray,10/06/2018,20,17
D789B083-7855-309D-8FAE-94A5A5274AB1,Hiroko,Haynes,24/04/2018,21.9,7
956774A4-7294-DB4F-DB3C-611228F7892E,Ivana,Sweeney,26/06/2019,22.9,0
57DBE62D-28DF-A397-AAAF-7876D8F56B01,Kameko,Nunez,01/10/2018,19.3,5
695A8BEC-4D1B-4C61-EACA-7AF2375B3D4F,Fuller,Holcomb,01/09/2019,17.7,18
6ADD77CE-4C4B-F906-57CA-482C534220A5,Phillip,Navarro,11/12/2018,20.7,10
EB252175-3A44-E84D-E8D6-B71CAB928DA3,Dylan,Dominguez,03/02/2019,19.3,12
343585D8-1C90-0909-901F-930804E5D689,Aristotle,Baldwin,05/04/2018,21.2,48
404ECED8-9FE4-7BF5-49D0-A5FE34F6FF1D,Igor,Mcguire,07/11/2017,18.5,34
E86FFFAB-FE48-2494-1864-F68AD49CF808,Kyla,Hopper,11/09/2017,19.7,14
3CB13C4E-E3E5-109A-46D7-36DD57A00E67,Kirestin,Dunlap,30/09/2017,18.5,38
4C390509-B04B-B2F2-67DA-D8D92B1B1625,Bernard,Torres,07/04/2018,18.2,43
E39DA279-FF7A-60B0-0255-5FFDDA789F94,Vera,Blair,09/06/2018,18,21
71388019-F436-39B9-7DC4-9E07F5827E8B,Lucas,Vaughan,12/05/2019,21.1,33
9E2114CF-A49A-3089-543C-5E1DFAFEE39E,Lenore,Whitehead,07/10/2018,16.1,45
FFAD673E-66C1-C9E5-AFC4-CC9FFC8CC6F4,Lucas,Herman,02/10/2017,19.7,0
7329049D-489C-AEA7-EB2D-CC98FB75ED8E,Wallace,Stevens,30/04/2018,18.4,3
14734C4D-9329-CD1C-DD16-F6594E152BF8,Kristen,Hurley,28/08/2018,14.7,6
5024AE70-95ED-6444-865F-83BBD3F99D39,Abel,Mccall,06/06/2019,19.3,3
3EA9C5B3-C3A2-D0B3-0EAB-D28005E6FEDC,Emily,Meyers,16/03/2018,17.6,39
6D976977-7160-7908-EE49-03979FF3D949,Lunea,Paul,24/08/2018,22.5,5
F85C2058-465D-7EFB-59CB-143790B13A11,Drake,Lane,01/06/2018,19.7,41
90A7AA5E-3C3D-7910-9E34-F1B5C4E82928,Kay,Rosa,01/02/2019,19.6,46
27D7D463-0511-C799-3091-F7C2C758B221,Gregory,Dixon,05/07/2019,21.4,25
B8EE9E53-070D-19BF-1927-991439589343,Carissa,Whitley,05/04/2018,18.3,22
0C4699CB-AD89-C4CE-A77D-E531C8EDABDF,Mona,Walton,08/08/2019,20.8,12
1FECBB69-BECF-92A8-E477-CAC75DD0147A,Erasmus,Lynch,07/12/2017,15.8,40
B15185C8-375B-E620-202C-1BFA2367B05A,Inga,Mckenzie,14/02/2018,18.8,31
042EA19C-F104-4A69-3897-C0C856CD9AA9,Chandler,Stewart,16/12/2017,19.3,30
2B9EE3CE-DE8C-525C-3C88-F53F78D57CDB,Hanae,Hawkins,18/10/2017,18.3,39
9A7608AD-7B08-7D41-6084-3E90D67589FA,Sean,Yates,29/10/2018,19.2,40
8A2E3CBD-DA5E-0569-CDF7-FDA931E5F051,Kai,Warner,07/10/2017,22.1,19
C6106723-417F-6BD2-2F5D-F0F459A5BB61,Evangeline,Hull,07/04/2018,22.1,14
EF9C22FB-DABC-EE76-45A0-F3AC87D41E0B,Macaulay,Goodwin,13/03/2019,16.3,0
FBD816A7-7C27-208C-0A4D-F49062745A60,Chantale,Eaton,04/02/2019,19.6,32
EF94C1C3-6BCF-D0CA-C169-6A67BEB236B0,Paula,Neal,17/11/2017,20.3,30
B60109D1-C498-7E91-7446-3A63F258C6EB,Mason,Galloway,05/11/2018,18.2,25
F7B09F72-DC4A-B77B-FAA6-37838661FCB1,Lyle,Lynn,23/04/2019,24.6,37
3F73E313-3041-2247-A9CC-EB241748E45E,Raymond,Cardenas,26/11/2017,20.5,20
D4D0CA14-D14F-ECD3-469C-87B50188D4A2,Buckminster,Cooke,09/12/2018,13.8,2
ABEBD0E8-8978-9FCF-DE51-C196700EA6BF,Mufutau,Chang,26/09/2018,18.2,19
58684760-6F85-F7BE-7880-CAA2EF1DDF95,Armand,Mcdaniel,27/09/2017,18.8,50
3C262CFE-3E43-62A6-42A3-354C01D1FEBB,Uriel,Cummings,08/02/2018,25.3,49
F68370A0-23A8-D038-0991-020FE56B2524,Britanni,Osborn,19/06/2018,25,4
364D6709-325A-D1A0-CE71-95CF34433653,Mechelle,Young,08/06/2018,20.1,9
2D44E5C5-04EE-5285-EC6B-6999F72A442E,Asher,Rivas,17/03/2019,20.8,44
EA1F7478-FF58-DF4A-2093-3E5C3DE16C7E,Chadwick,Perez,14/11/2018,20.2,21
2774CA22-C844-948A-8C47-68119495D85D,MacKensie,Holloway,11/01/2019,20.6,6
31747F08-3337-7F50-7627-7D409EEDAAAA,Gemma,Raymond,16/07/2018,19.4,36
8975F7EE-F698-F1FF-EE38-16D4D1DD60A4,Grady,Barlow,26/02/2019,20.2,10
6FDA72DF-C4AE-72D5-9036-5E7412E9ADE9,Kylan,Navarro,12/09/2017,18.5,11
BC9F2503-6997-8DEC-90FC-C5DFDE86E35F,Kirsten,Sampson,30/12/2017,17.9,10
004EB01A-DE2A-1FD5-E02B-47FF922C23A1,Cadman,Floyd,25/11/2018,17.8,41
C46F111A-E979-FE17-3238-ED6016DB7172,Amena,Mendez,05/10/2018,18.5,4
C9FE1D78-5B7C-0475-F718-E9C76014BC49,Macey,Landry,14/01/2019,22.2,28
3269434F-8121-07FA-F404-C77D488456E0,Adria,Holcomb,07/02/2019,20.5,28
344C8C39-6B85-FB4A-0BF8-12D12303E5D6,Charde,Jacobson,21/12/2017,15.5,1
96E066FF-3099-4243-839D-BDF913EF2986,Riley,Stark,21/09/2018,19.3,29
974CE68B-0031-6991-A14A-014A2D5FB019,Hanna,Kim,26/08/2018,17.6,11
B2875321-CF29-9651-E9E3-44879104B9B8,Tate,Bonner,20/02/2018,20.6,42
4BF153D8-F992-8004-F6BC-B951907E247C,Holmes,Terrell,22/06/2019,20.8,47
36FE997B-A720-F4B7-4F65-A0B14B97FC83,Logan,Welch,10/06/2019,19.1,46
97DBB645-5452-F374-2A46-DCDB20D56ABE,Palmer,Barton,24/12/2017,18.7,19
B1A3A376-4A95-FA79-C8CD-87FEE8873549,Hu,Wheeler,30/10/2017,19.3,15
27BA0A37-A9AE-EABB-8D7D-077A3FD8F371,Ethan,Kramer,21/06/2018,19.4,11
3623AD9F-5594-92E7-7282-7C10BB95F111,Sloane,Battle,16/03/2019,16.4,29
3A72667D-9E3D-3479-1ED7-1F02FC294E51,Catherine,Curtis,22/01/2019,22,18
F071D140-308E-3A98-9CC6-7494983CA22D,Kaden,Mendoza,14/09/2017,17.9,24
A29861DB-8EB2-6B80-C6D8-D2BD840E9EE8,Octavia,Hensley,26/09/2017,16.3,28
03FF52AB-61E1-CF55-94ED-27C79B780642,Ashely,House,04/06/2019,17.8,0
8DD8177C-F1D8-A2B4-CA14-3F1D7D4BC952,Hanae,Morse,01/10/2017,21.3,22
6B3DF40A-5574-929D-4BF1-B7795EAB11F3,Castor,Ratliff,24/06/2019,21.3,31
87303EE1-8166-FE14-C274-AE760758F364,Vielka,Cameron,05/06/2018,19.5,43
D41CDFBF-102C-A522-718C-BD4F5F4060D9,Kenneth,Johns,09/09/2019,23.1,20
BEAF8D08-E87E-7BEC-2601-D0F0BBADA0B6,Imelda,Suarez,06/07/2019,24.1,27
DEF678D8-39A2-FE1D-F997-02DAFA15287B,Dante,Gilmore,24/01/2018,16.2,44
9D61466F-705B-4513-0670-7282B1B25B5C,Ignatius,Reilly,13/04/2019,19.2,2
09A3979E-B502-7A7D-34B6-417FD71C913E,Jin,Shannon,21/05/2019,17.1,33
21D377D7-A6AE-973B-0BEA-8BA43F8EC100,Gregory,Snow,26/04/2019,21.2,7
3595E050-2EBC-AF37-6A83-ABF334E5D2FC,Audra,Mcfarland,11/10/2018,20.4,11
7CA19700-C5EA-72DB-AF8B-BCF1A6F3EC83,Alea,Ortiz,05/06/2018,20.8,34
5B20D3C6-38AA-87FD-CB70-AC60B6C0043C,Amena,Murphy,23/10/2017,19.4,46
3F1380B6-43D3-F52B-33E8-739702369DAC,Reece,Thomas,26/04/2019,15,50
F7B6AFD3-656F-97C3-8326-AB0A17CFC319,Dana,Waller,02/02/2018,24.9,49
B28ED59D-8F66-698F-0E43-3359798BFB71,Kyla,Boyle,21/10/2018,20.7,29
94DC9E8F-0C70-260F-1196-9D427D5C4D66,Amery,Marks,30/05/2019,22.4,45
DE66AE05-B40F-E675-34DB-39C288B7C565,Flynn,Booker,18/09/2018,24.1,1
C912CF3F-5A01-81A1-A37D-8DB09B6802E3,Jaquelyn,Davenport,04/11/2018,22.3,37
3BB829A3-37C5-C30B-2155-3EE366A4C20F,Hollee,Marshall,12/11/2018,20.5,21
0A1B373A-C9D5-49FE-D62F-D0E6940E3446,Davis,Nicholson,21/07/2019,25.4,3
A5AA3399-C06B-371D-988A-D105DFB7D986,Gary,Fuentes,25/07/2018,16.9,34
D7B2C512-D4CA-F1A9-D608-13540E8F4697,Ava,Blair,22/02/2019,18.8,44
80EE9D88-6AC4-5B39-38A5-759CF77BF7C7,Chelsea,Moran,23/12/2018,23.1,11
9FED401E-EC9D-A527-9E32-881A0F2B6CCC,Vance,Bauer,19/07/2018,20.6,9
2F6DE3CD-6C4C-A1CF-BA80-EA9A2997F316,Brielle,Burgess,24/11/2017,19.2,8
7CC531F8-80AB-19E7-AAA6-843156335962,Oscar,Brock,01/06/2018,19.6,18
3F5CAC53-965B-6A40-5D39-B3329CA63C1F,Chase,Ruiz,09/10/2018,17,20
E52D8766-3AC9-B3EE-0DC5-EFE0FAAD646C,Lara,Key,03/09/2019,23.7,29
17D01678-C545-8DF4-0F3C-4127DB3B8962,Rebecca,Solis,08/04/2018,18,4
F7DC2367-806C-88C3-C0B0-3A5E890627A6,Kiara,Jennings,28/01/2019,19.3,43
FCB868AC-87D6-FC05-E6C0-35660C4DE877,Conan,Horn,18/02/2019,19.5,36
33D24241-5237-41A6-2E49-A695D747D04A,Gage,Whitehead,21/04/2019,17.2,13
6C9B6A2F-A13A-E067-0EB3-F087851A8CFA,Georgia,Hughes,01/01/2018,16,18
FFB8B6FF-DC21-DF8D-0468-31AB553CDC13,Amir,Donovan,02/01/2019,21.5,18
B87C02C3-4284-3A11-782E-E34316EB4595,Kim,Head,17/08/2019,17.7,47
B55D2E0E-06E4-0B04-CF4A-5BEB8375C8BB,John,Macias,06/04/2018,21.2,30
571A5368-F3DD-A594-FF6F-BF3A6E5A00CE,Dominic,Berg,15/06/2019,22,41
79A80FF9-9582-5417-33B0-62B85425C5DD,Bernard,Gutierrez,12/05/2019,17.6,16
38E54732-36FD-767C-1CB6-C0880CDFAD62,Isaiah,Herring,13/10/2018,19.6,49
7CF6279A-F64F-D190-54B9-4D167668836D,Murphy,Levine,17/06/2018,15.4,48
67FBB578-E543-90FB-D3F1-A77C14B2944C,Portia,Roman,28/02/2018,19.5,3
F4AF27A3-93E7-2197-0FFB-D074619786FB,Buckminster,Stewart,19/08/2018,22.1,15
E951B74E-EDBE-AC35-7FB4-B532ACB31AAA,Richard,Santana,22/01/2019,22.9,7
E2B99450-829B-145C-7009-C88C0377C738,Ora,Fitzpatrick,08/07/2018,16.4,6
0CF935C1-DD93-0610-C8B8-7A37A264D932,Colby,Foster,23/01/2018,20.7,37
AFB2FB42-B4D9-934E-7E09-6A7E573A1945,Lynn,Harrington,22/06/2019,19.6,5
6563EB3A-69B9-EFAB-8792-F9DCC866A86B,Ramona,Chaney,31/10/2018,19.2,48
0D0FC79B-2023-08CB-7BC8-5F7A554256B8,Karen,Bates,16/05/2019,20.5,1
98E3428F-31AC-594E-836F-A6A1E5B255E8,Signe,Ford,27/11/2018,19,38
1357954D-60A5-C06C-2792-45106E56397A,Dexter,Tyler,11/04/2019,21,36
CE127237-BF6F-5B74-FFEA-EE1116D8AD3D,Macaulay,Dickson,25/08/2019,23.6,3
B0B1F07C-E455-6A8F-1BF8-22C116AF562B,Jerome,Robbins,24/10/2017,25.1,49
64FE8511-9E12-6E31-5978-B70FB1E2F5E7,Upton,Nelson,08/04/2019,18.6,24
FD58B6F3-8769-2A39-3FC7-84DA38510C9F,Leslie,Meadows,29/06/2019,22.5,4
0A354549-6280-D399-3C58-21CFB468F074,Cameron,Palmer,29/09/2018,16.6,31
2BC47A8E-4104-D948-C62F-78B4C4B151B5,Cooper,Yates,14/08/2019,20.4,36
A8424AF0-968A-790B-3569-AB7CEF1ABCB2,Judah,Mueller,13/07/2019,17.9,5
DBF64D88-7507-7871-B730-7D8B488B3BF3,Aurora,Rose,31/03/2018,18.5,35
FA443FCF-6EA2-8B35-995B-4F4A64712267,Hoyt,Donovan,27/10/2017,21.5,20
BA6D4D9B-92A6-4BA2-2CB4-3E74283B145D,Emerson,Tate,28/07/2019,20.6,16
D911C14E-043E-D253-3B36-0D9B9BC01EAA,Kenyon,Potter,24/09/2017,17.8,45
02741D42-B434-4F97-D2F6-231D5F15B56B,Lenore,Macdonald,28/12/2018,14.2,7
5CA8CA5F-BB96-0FC9-2597-58DEE2D0BF86,Howard,Joyner,07/02/2019,20.1,31
5A8D9654-1AFF-FF79-E5A8-E2C6C083E35D,Vaughan,Dillon,13/10/2017,23.2,1
70A8C778-79CA-532D-BC0A-13F05F231B86,Miranda,Henry,13/05/2018,19.2,38
2111CE83-4008-D902-2663-A844B0B88E33,Pamela,Romero,13/02/2018,20.4,2
04C6B310-72E4-BC88-2C41-C248BB392454,Sydnee,Juarez,28/11/2017,19.8,28
386A5CCD-3344-2238-D3EF-E59615C0571F,Tanner,Glass,07/03/2018,16.1,36
8F095A4D-FEC0-B106-6B9D-01231FDCBC0B,Benjamin,Graham,11/04/2018,22.6,21
DF238DA3-5DFA-C593-ABC6-D6F7430072EB,Mannix,Stokes,15/06/2018,18.6,41
A63E487F-67F1-B665-BB6D-6C142E713D9E,Illiana,Schneider,28/09/2017,22.1,25
CD95E107-6272-E2DA-30C2-12411274C833,Cecilia,Valenzuela,27/11/2017,17.3,13
986AE332-3E15-00D5-B96D-63C5E6B9BF84,Selma,Ramsey,26/01/2018,17.2,16
59766F7E-EA25-C3DC-3E02-8B58E096283F,Deacon,Bird,01/08/2019,19.2,37
10C622ED-54DC-30D0-B98A-900292229E4B,Dieter,Morrow,05/12/2017,17.4,44
4609C0AE-16D4-D8A6-3D27-9424EAE4AA01,Bruce,Knight,07/03/2019,21.3,10
EB04E577-0067-E84D-092D-243BD1E5A4EA,Yasir,Avery,30/05/2019,20.1,48
008E8F9F-1940-E577-E573-EAB2BFAF6D9B,Liberty,Montoya,15/11/2018,17.7,47
879123C0-C2EF-1667-1CEE-AAC2459AC0D0,Shad,Berger,19/09/2018,14.1,45
6794A57C-F9ED-B476-71B9-0A1CC0FF1048,Inez,Wells,29/01/2018,17.3,26
4F601B5C-BFAE-B646-7279-C62F4377270C,Athena,Delacruz,20/07/2018,21.7,34
C2CD97B3-644D-7BB9-4901-F191916A4103,Mariko,Walsh,12/09/2017,22.2,14
8AB30BAD-C13E-3E7D-D73B-ED51CC74D725,Darrel,Finley,09/10/2017,21.2,29
654933DC-9EA6-BA93-C952-5307E7347FFE,Sarah,Bond,11/05/2018,17.6,0
95C53724-8D43-0D4B-C40D-41157E75AF5E,Abdul,Noel,05/09/2018,20.6,48
BD08951E-8558-438D-CB45-741EAA44FF5F,Nehru,Whitney,23/03/2019,19.6,23
9FEF46F3-3100-FEF0-1DC3-78FF2FC9E8D1,Brennan,Gardner,17/11/2017,21,0
03D8C14F-23A6-50C5-7771-B9E951331B51,Sylvester,Emerson,04/04/2018,23.2,14
234D61B3-4EB6-5BBC-1566-C64E09C05EBA,Regina,Saunders,01/07/2019,18.9,18
F7E9B232-1A49-7B96-658B-19BC824278D2,Maxine,Gibbs,10/07/2018,24.1,0
83ECE793-F7B9-3383-376E-23714AD8898B,Giacomo,Flowers,15/01/2019,19.8,30
5FE07CA5-6DED-7A2E-2195-AC2475F1C614,Breanna,Miranda,09/03/2019,17,50
0756E003-3DD5-EBA8-F65B-C34016E91350,Philip,Tillman,26/11/2017,18.5,13
BD6B8BA7-858F-822B-2E02-45D8CBA6E5AA,Ross,Joyner,06/03/2018,24.4,1
7A39E7C5-DDA2-AFCF-F665-EF91226CB918,Sophia,Velez,11/10/2017,20.3,43
F2133AD9-5DBB-3DD7-F48F-40C68546F8B4,Clarke,Camacho,04/02/2018,25.2,4
59E32EDB-DBF8-FBE2-A844-DDD86CC89492,Carla,Valenzuela,16/10/2018,21.5,45
0C332EF4-0154-CFD4-F38E-D726E48C028B,Mechelle,Benton,24/10/2018,21.7,20
5A28199A-C6BA-AA98-FD02-0E0DF16A50CE,Caldwell,Molina,17/09/2018,20.6,31
033D6859-C84F-DDA6-1898-74565ABC4C87,Damian,Pratt,31/12/2018,20.8,39
2A8530E9-B1DA-F600-3735-3243377F8E3D,Hiram,Osborne,18/05/2018,16.1,29
B74139AE-3F61-FBB0-FD13-0FF764C31756,Solomon,Kent,28/04/2018,22.6,39
F1B938CD-ED18-1B7F-23FD-0E3E2D452A5E,Acton,Avery,01/04/2018,11.7,8
FF769AF0-C888-6901-4E9F-9DD25D31F526,Nissim,Baldwin,17/11/2018,13.8,41
A303BC04-9625-405B-438A-B8499905846E,Reese,Cooper,14/12/2017,20.9,37
E5E0DEF8-ECB6-B488-4533-00770A151BD9,Jin,Hawkins,27/11/2018,21.2,2
F22FC3AF-9756-A9F6-077B-8400EC1BA241,Isadora,Nolan,21/04/2018,20.5,48
E5E3165B-EC2E-7884-7443-DD8DEA485197,Evelyn,Padilla,23/10/2018,22.8,1
FC7E59C8-3AFC-4160-9D3B-C15E25BD9486,Emi,Parrish,20/09/2018,16.9,44
0124D8A6-E257-B3BA-8250-03CB056B85DD,John,Hebert,14/12/2017,20.3,9
EE268C89-8BF4-89E5-D518-812B83553FE7,Cally,Phillips,10/12/2017,21.4,21
F660186D-D1C4-59F4-F4A0-0F53A052A211,Fritz,Rodriquez,14/07/2019,20,1
5B1B5BCA-5B71-5D18-62A1-452FBA81B830,Price,Wooten,21/01/2018,22,19
453B8D1C-5FA9-F88A-1649-71B647DE54BC,Mechelle,Gentry,22/01/2019,19,39
C0E49AFA-CA4A-3835-F72D-EF7C0398612E,Lacey,Johnson,04/10/2018,21.4,48
E4DBAF1E-CF28-F141-6354-736DE86D863C,Illiana,Padilla,31/08/2019,20.2,19
BEE79315-6641-3B7E-F9E9-08EE9349E7A4,Ira,Dickerson,16/02/2019,20.2,13
6C475ECB-42C7-3BA2-A92D-9140F23DF3B6,Rhiannon,Gaines,14/07/2019,19.1,46
C39774DA-191E-DAB5-C668-A7060F8701D6,Tallulah,Randolph,19/01/2018,22.4,10
C6475951-9722-3B2D-0D5B-63D4E0149A17,Seth,Woods,05/05/2019,18,28
B6604E5E-7463-D2C4-43AF-7EE921919924,Leonard,Mcleod,08/01/2018,17.6,37
A45BAAE2-8A99-AF21-3D80-2D1BF37A39FE,Inez,Strong,23/08/2019,22.2,44
B14D2540-9924-FE7C-A56F-1D4D9964969F,Jakeem,Woods,12/01/2018,22.7,17
63613D70-F207-FB57-4CA1-07856EAF7C3F,Rogan,Delgado,04/04/2018,25.7,14
DD5B1519-897A-1F80-E374-3BB0DCEBDC7C,Azalia,Nieves,12/09/2017,22.3,22
6470BB27-34A0-965E-FBDC-3525CDC6F9C7,Jackson,Rowe,05/03/2018,18.8,32
A6B0EBCD-52F2-6802-34E8-23BC96686BCD,Cheryl,Sears,21/04/2019,21.1,24
B39B4242-5953-9365-CCC1-CF169E5A560D,Dennis,Richards,03/04/2018,23.3,45
73A6576D-FCAE-7F62-DB17-E2D85EB87D8B,Irene,Jones,14/11/2018,19.8,14
5DDDE288-B539-FE7A-CDD5-AC8E3B06CB5C,Tanya,Mason,07/08/2019,19.9,12
AC445E45-0204-0D14-3ED9-B351352DF446,Clark,Valentine,03/03/2018,17.9,20
7261DA81-B9C4-A3A0-5034-267CF650CD53,Faith,Dixon,11/12/2017,21.4,44
2F6FE705-9493-E0CC-6A72-514D41D939EB,Mallory,Mccall,27/10/2017,20.1,37
B908818E-5FBB-5C7E-7648-95493DB49927,Timothy,Vance,13/12/2017,18.9,19
BAC0DC86-D6A0-463A-7D2B-0E34915067CE,Lunea,Stephens,28/10/2017,18.3,28
B99568C7-6445-D114-EDEF-026E13A05B9E,Skyler,Chandler,25/04/2019,20.2,6
68C153C2-4D61-5525-EB36-19DC4CBD84F4,Karen,Mcgowan,17/04/2019,17.3,30
8F72966C-3C52-5339-9B16-CC11168268B9,Quinn,Delacruz,11/01/2019,21,8
7B6D86F5-0367-A49E-477F-B4CFD23254CE,Chaim,Nolan,08/09/2018,21.8,7
3FEA6E17-68ED-A7C1-103A-7A4ED00547CF,Deacon,Spencer,22/03/2019,23.1,37
296012DB-4AD8-F990-BCAF-70DCBC681DBF,Dean,Lloyd,05/07/2018,20.9,12
2FDE9D2E-A40D-185C-07E1-17721BB401AA,Emily,Reyes,31/05/2019,24.8,18
D13557B5-6128-FC3C-9F12-3127F90F00F5,Tallulah,Oneal,14/07/2018,19.5,14
F41CD036-57CA-68A5-FA5F-83774822A878,Orlando,Roy,30/10/2018,17.1,38
8570DB9D-0478-D848-FF0F-92513FD6F0D5,Kelsie,Hendricks,14/10/2017,19.1,7
B50C08DD-5904-3745-B57F-1202513B92B3,Aretha,Middleton,26/12/2018,19.3,13
E3832063-17FD-4A95-76DC-3B7B34ACDFE5,Ina,Hicks,06/07/2018,22.9,7
8D0A7F9E-C90D-B1D6-92E0-0DF142AD3616,Marsden,Shields,19/07/2018,22.8,6
DEC317EB-BC67-C6B7-6C71-4D825314D82A,Damon,Wilkinson,17/02/2018,20.7,49
B821F0A3-76DB-94B6-2A65-CD9C31842ACB,Ruth,Guy,20/05/2018,21.5,14
20AF79D9-1A40-E7D4-12AE-AA8CEECF8C4B,Myra,Kaufman,30/07/2018,22.6,7
70E3283A-E778-5C6A-FECC-F1703C216866,Colorado,Sharp,19/10/2017,22.8,17
9687E7A0-F60E-DA23-6264-9342A57594AB,Octavius,Burgess,14/05/2019,17.7,11
93B39621-CD6E-B161-FAE8-202F7D74DD29,Hedwig,Bird,02/08/2018,21.9,8
AC7E576E-2C3C-6F68-692B-DCE2212B3F70,Ina,Bond,26/07/2018,18.5,40
CB81DE93-EE2C-3FE9-D97E-346CF2D50659,Malachi,Walter,07/10/2018,18.4,6
CFA61A87-4FE7-3F06-18AE-87B750786125,Elliott,Greene,15/06/2019,21.6,15
39154FE5-121A-741E-2AC5-9AB4136B5C1E,Aristotle,Tran,11/03/2019,22.4,44
689A714E-18C5-A948-42CC-8B2ABCEB2DB1,Stephanie,Fernandez,24/10/2018,14.2,10
00DAE152-61FD-8F34-3638-8316F7876149,Rinah,Stephens,30/08/2018,18.7,25
32D00CE1-8145-D835-CD32-E043087529F6,Hashim,Booker,04/07/2018,19.9,22
CB0AEDC4-0762-2A59-D4FA-5D52A29E7EDF,Lance,Mcgee,07/09/2019,17.7,33
9A3FFBDC-10ED-334F-747F-DE42A7766278,Skyler,Juarez,13/12/2018,22.4,1
DAF09348-5C39-207B-AC25-FFE85395AB9B,Rylee,Noel,13/05/2019,23.5,48
17B4C0C8-5ACA-75CB-17F0-5E6249DB5989,Coby,Carroll,01/11/2017,16.9,16
4449426E-1969-F2C2-AE11-C6804A3F0498,Raven,Caldwell,12/11/2017,17.6,38
B0FCD4B0-D0D9-2F6E-8E74-2FE5BD6A9CA1,Brent,Simpson,19/03/2019,19.5,41
B6DA1EE4-DBE2-4B7A-BE0A-D75CBB405A14,Hayden,Vega,08/12/2018,18.2,24
0D10E13F-14D5-8F0B-B292-992148F9751E,Josephine,Griffith,30/04/2019,19.6,2
F94C98B7-79F3-F231-25F8-02A27CA1CD62,Ferdinand,Lucas,07/12/2017,22.4,5
DBDADE12-A99A-7050-2409-DE566BE96316,Price,Kirby,09/07/2019,18.2,36
0A36AAAE-2715-F353-56AB-5F125EC979F3,Hop,Hubbard,06/05/2019,20.8,37
A0B10FC0-6B4B-CE5F-7185-4E62EAC4A56E,Melvin,Le,06/09/2018,17.9,26
0C0823E6-B628-5FC8-5D92-E0ECA7A116E6,Josiah,Cummings,21/02/2019,18.8,21
28FA99F6-F954-2C23-52BB-76D9AB858364,Ebony,Odom,01/03/2018,22.9,17
E009EDCE-A35E-06A4-5E40-813299E10B2A,Naida,Lester,21/08/2018,18.7,30
81BA1D73-AB88-44EB-C1DA-CD35CFD80F66,Thomas,Woodward,24/02/2019,20.4,23
66F485DF-C74B-E142-C6F0-FBBF9007D9A2,Mara,Vaughn,01/01/2018,20.3,40
8878886D-7FFE-1E89-F846-26D7AB573EF6,Suki,Cruz,24/07/2019,20.9,10
5BDAC828-A7ED-0921-6154-A9ADA5E325D9,Janna,Horne,28/11/2018,25,8
41FC6E0E-63BA-BDB7-1D81-5C9B931051A6,Sage,Espinoza,04/09/2018,20.1,1
2F05E10A-75FF-9C0B-5EE3-8D21D3AFA305,Russell,Curtis,10/12/2018,19.3,5
520EAFDA-9FA2-6F82-2C1B-D2322DB02036,Dominique,Waller,10/10/2018,22.9,38
5AF8E854-E3A4-2E53-CD1D-E80F80C2910C,Dillon,Boone,02/01/2018,18.7,5
CB21EBF6-C164-7DB1-E66C-EC0B51D3FB56,Christopher,Compton,08/03/2018,20.1,4
D7EC4A3F-973F-5426-86F3-D4E55EAD3B22,Liberty,Carey,18/04/2018,16.5,40
78947E4A-3933-0C95-1420-851AEFE43953,Ivan,Pace,20/06/2018,21.4,18
512CBA9B-EFB7-464A-8147-89340616013D,Miriam,Fitzgerald,10/05/2019,21.7,10
E19CA3DF-2989-9CEA-0DC4-046212F5A874,Cassady,Donovan,17/02/2018,22.1,26
E88DF2F9-3E71-0ACF-B52A-C81E37FFA920,Xandra,Sherman,25/04/2019,22.4,35
8B8C764E-EC1F-50CB-7AE1-C8D3AECB1DEF,Mollie,Wilcox,11/09/2017,21.2,8
89ED5146-B270-2B81-824D-E714F7F8FAB8,Slade,Berger,05/09/2019,19.8,49
93873777-AF32-42C9-4F08-8A06C4414477,Chiquita,Marquez,21/08/2019,21.6,37
CDAB2DF3-5CF1-90DF-8E5C-7787B2CB620F,Kennedy,Moran,05/04/2019,17.9,19
F5C0C767-3516-64AA-CDD3-41810C803EA2,Kadeem,Cantu,16/02/2018,19.8,47
E4A0A06B-7DE2-C420-9505-5618DB9030E6,Ulla,Alston,22/09/2017,19.9,39
474124BB-B66B-3CF8-29BC-FFC59702FEBF,Paula,Pace,17/06/2018,22.5,33
050D2E0E-466D-F78C-601D-F601B7D17FF7,Montana,Summers,28/06/2018,19.1,3
1C294640-547A-0D3C-0BBF-99EBC0691F7E,Kellie,Holmes,02/09/2018,20.9,35
E49BB695-58E4-5532-CC97-18552DC799F2,Katelyn,Wilcox,17/02/2018,15.2,20
51C5DF88-7101-BC2D-ACFE-A766359539A8,Aubrey,Bender,13/03/2019,21.9,9
D3DE9567-B527-0DBE-6D8F-09AB1FF65C30,Jade,Watson,05/11/2017,17.6,41
95375D45-220E-2A72-69D9-AF8F6BED4FFA,Brett,Gilliam,15/01/2018,18.7,46
8F61660E-06F0-426A-F458-F567DF2C5E96,Suki,Colon,04/03/2019,18.2,5
39585E2E-EE87-19AB-89E3-1A42355CA22E,Shad,Todd,09/02/2019,17.7,30
093206AA-FAE4-408F-A6CC-D3446A495CE8,Lee,Hebert,06/12/2017,19.8,17
80D3096B-6926-7B88-F7DD-01452470E9A1,Allen,Ball,04/05/2018,19.1,12
7A412C2C-75EC-0706-2BD2-9B51C0C1C6FC,Jack,Leonard,26/06/2019,22.1,2
4A8CA48C-16D8-65EB-AEF3-5A82128630AB,Kameko,Sharp,28/02/2018,18.1,17
89D133C5-DD97-002A-50E5-6F50FCC0FD0E,Blythe,Ramos,28/03/2019,19.1,7
C07D54A5-85FC-498D-469B-71D39A4BDC3C,Illiana,Conway,14/06/2019,17.9,29
37D0A11B-E812-B7F8-A486-AB0B632AB3F0,Eden,Molina,28/11/2018,24.6,1
773DA4E7-F4BC-3893-6C2B-39BAB54A3A84,Shafira,Weiss,01/10/2018,20,13
CF831A06-E799-3121-CFE6-A2DFE9BFDE96,Hadassah,Donovan,15/06/2019,20,26
47C53EC1-9CBC-E456-06A2-4E5ED8F8773B,Deborah,Osborn,07/08/2018,22.6,8
446F5391-3654-92AA-4E38-83CB4F7932A4,Noel,Collier,30/10/2017,19.2,17
AEB35DB4-29A5-D5BC-E778-228368DA3548,Chantale,Austin,15/03/2019,19.8,2
A04E270D-5038-AB20-0DD6-7C2046357999,Melissa,Durham,03/04/2019,14.9,50
DF0B5A59-97EE-6D5F-86F4-06B72F14DFB5,Kristen,Durham,11/10/2018,19.3,48
050D7816-0D47-D975-6A91-07C34D728330,Abraham,Erickson,09/11/2017,24.7,4
D8F0C2BB-2D34-81A8-2574-EA4317E376BE,Carissa,Shannon,09/12/2018,22.4,33
9BC18478-4893-2A6A-D976-6BAC48973458,Harper,Mckay,11/10/2017,17.8,36
438DABEE-182B-F2C7-B70F-17C372D00A43,Eve,Perry,13/04/2018,24.2,15
979411E1-B018-8759-4E41-E31374238338,Uriah,Dotson,29/05/2019,17.6,46
0FB51CB7-52A9-9C29-A303-CD34C204C4D4,Zelda,Spencer,09/06/2019,21.8,39
BD772EE2-C52E-2D50-6EA4-5D4391B75D2D,Paki,Lindsay,20/04/2019,19.9,42
DB6AE1DB-449D-D4A2-5EE8-8FEAE462C442,Hanae,Horton,06/01/2019,20.9,22
63945C33-7538-509E-5D97-27C941589D46,Sara,Koch,02/06/2019,20.7,24
DDA1EB79-853A-7F5C-F892-A3267F29F384,Cole,Chapman,12/03/2018,19.9,47
06F39185-A87D-AEF4-4DA6-A72D525DE454,Priscilla,Robinson,14/08/2019,18.4,21
9EFCD837-BA91-1385-8976-7BB34A1AA6F6,Ifeoma,Booker,07/05/2018,24.3,44
68741512-5884-E384-38DF-8F76EC885AD1,Alvin,Reynolds,26/07/2018,21.1,17
B5D2CFD1-D5EF-26B1-EACD-5A405EBD53BF,Oliver,Navarro,09/04/2018,20.5,9
81A7A2A3-E455-AACD-C65F-6B3AB85D2F56,Jescie,Mckay,06/10/2018,17.4,37
424353F6-9528-EDC4-0E12-09CBB2FD1D8C,Willow,Preston,16/12/2017,26,8
17C15A8C-830A-C014-F1CA-7FCF030D931F,Lara,Whitaker,10/06/2018,21.6,2
89495934-C741-6274-A7A5-79B271E1A504,Ahmed,William,08/04/2018,17.2,41
7C5A04B7-CCAC-AD69-4A77-2ED4E1DBB049,Price,Peck,02/02/2018,20.8,10
D7F92D8E-2426-0096-7576-5B4C07395803,Anastasia,Bryan,25/09/2017,23.6,30
B2CCE2BE-777F-42E9-B6FF-6D89964E0B13,Sydney,Young,19/02/2018,23,47
BD9BFA9A-3F88-9A9E-F3CB-147283F65700,Brian,Bonner,06/01/2019,22.1,8
5F5C93CB-9724-E55F-70D6-89F3CDD52BF3,Lane,Schultz,22/10/2018,19.7,45
CF8927FA-7940-B515-1E4C-1CFB2A328E52,Len,Hendrix,31/10/2018,20.9,24
830E1437-A00F-212F-C0B2-56FDE495821A,Caldwell,Carter,08/02/2018,20.7,49
4C87CF68-9B5C-7BBD-72EB-71852ACC5248,Orli,Luna,03/10/2017,20.8,1
0E231D3B-6134-0C68-BAD1-CDBBF030FD53,Savannah,Luna,03/01/2018,22,12
A4688A5C-55AB-A1AD-A24C-984D396DC188,Miranda,Keller,25/07/2019,17.5,37
C488B66C-823C-2567-E6B7-BB0AAF15BC66,Martha,Barnes,07/11/2018,24.6,25
5F3C2437-E7F1-2AFA-8723-299ED5045F4F,Joel,Pope,27/06/2019,21.1,32
15FB38B4-B191-9073-EED1-EC93726BC6B6,Matthew,Barrett,02/05/2019,21.6,21
15722C6A-E868-4C64-691C-486F3C302010,Maryam,Ortega,09/03/2019,20,44
3F8F917C-AF97-4F25-3323-A70A7A5DEB2F,Christopher,Head,01/06/2018,18.5,37
D898B61B-5CB3-D00A-6E9D-FFD63705460B,Cedric,Mckenzie,10/01/2019,17.6,26
AD343BE9-59B1-BE92-927E-EAF7882E47A7,Kelsie,Baldwin,06/04/2018,20.1,13
228E62ED-8684-CA99-6492-2970D75B9810,Miriam,Morrow,11/01/2018,17.6,20
D41F60BA-3401-D18D-1D22-0E15DEF20334,Madonna,Melendez,01/03/2018,24.2,1
EE561A67-855D-FB77-E7F0-6CBDD39AAD41,Matthew,Bauer,21/01/2019,20,42
930724A5-C498-7972-900D-4EB00369803A,Madaline,Rivas,21/03/2018,19.8,39
3A570352-8316-C435-F2C3-4BF725B05363,Venus,Hancock,20/12/2018,22.1,19
8B8C35E1-3359-2389-0C9E-741DC5DF4A36,Jakeem,Clarke,09/02/2019,17.7,42
2A6DAD49-89F6-128B-0FEB-F262619BC7D1,Tate,Bender,27/09/2018,22.3,4
A417B2B0-ED09-8C17-2442-4F863252297E,Jacqueline,Duke,25/10/2018,19.3,27
8BC85C7C-F553-0528-A68E-8E13E8893ED0,Hunter,May,06/11/2017,21,18
3CC6F62B-8387-40AD-AD17-46970B1317F1,Tamara,Simon,15/11/2017,20.6,31
7DA1BE83-70F7-2EAD-2164-4616EBC5C44D,Scott,Villarreal,01/06/2018,22.2,22
76E0BD0A-A122-A90D-ACB6-080BF20994E1,Kiayada,Hardin,17/12/2018,18,32
52171817-82B0-1EF9-61E2-B812FC827582,Sylvester,Harvey,15/03/2018,16.5,46
20D5F377-0611-7FA5-9E3C-F31D90E54FA7,Patricia,Vang,20/03/2018,24.6,27
DC6F520A-0786-B628-E60F-7629AEB298AC,Velma,Nixon,23/04/2018,20,36
B15522A2-0041-E521-1165-1021ABA8D743,Aaron,Avery,28/08/2019,22.3,13
E7DBFC4E-A841-B87D-050F-4BF3BB968214,Jolene,Cooper,14/10/2017,17,25
17418E8F-D562-9D01-7D7F-90C032315342,Cynthia,Landry,03/08/2019,20.6,15
44A0FB07-D9CD-377A-D923-7651C0F9F349,Joan,Mullins,25/08/2018,23.2,20
452B21C5-64DB-93FD-3FDA-924CE66F433F,Alyssa,Simon,31/03/2018,16.6,31
8C72BBB3-9489-17E6-389F-3E7FC93B9327,Neve,Kent,04/01/2018,21.5,48
BCA4C847-2FE3-3F2F-0BBF-CC2E333986C8,Darryl,Gomez,01/06/2019,21.2,6
125CBA40-F248-0BB1-CAA3-E05D792FE873,TaShya,Dunlap,23/02/2019,21.4,38
A24B983C-1A18-581A-8D4F-14C74382FA4F,Paul,Greene,19/11/2018,21.2,0
93031ABC-9FD5-A59B-A491-7750E84FB0A8,Virginia,Clay,31/01/2018,19.7,17
8CC36084-B200-4C00-E1C1-51ACB9DC4413,Breanna,Bentley,20/11/2018,21.9,41
E22425E6-328E-CF5F-2277-EAD63F23DED0,Sade,Ayala,05/10/2017,21.2,48
7B02D451-67AA-0D25-EB66-78D6D6FAD962,Kellie,Payne,24/01/2019,23.7,34
0A16F588-6698-C535-DB43-40D6DD67AB03,Blythe,Edwards,08/06/2018,20.6,26
E25113A3-8107-45D0-C17B-C93E84EA3667,Duncan,Roth,25/03/2018,23.2,18
F2B3E9D1-BB91-EBD8-F3F9-0A9A59344857,Xavier,Mcmillan,03/03/2019,20.3,27
143CADFA-C7B9-BCBF-8A02-C06CD1C74E64,Brent,Hudson,17/06/2019,23.3,11
81EFD1B8-9341-7E49-3BD8-69927059BCF3,Guy,Dunn,16/06/2018,22.1,18
04F3052B-E7AC-9AD4-5C5B-677FCE507FD8,Ivan,Todd,21/03/2019,13.6,1
1185FA9F-F855-F4D3-3CAC-3BD3FC71F84A,Barbara,Holcomb,22/10/2018,19.6,11
AB8A3159-5F16-20F6-1927-82C71BD31A4C,Honorato,Walter,28/01/2019,19,34
251AAFAC-8B2A-5591-D73D-E8A518420367,Leroy,Larson,13/11/2018,18.5,16
79729E9F-EA80-D4B2-E322-47EC35F82559,Helen,Silva,28/12/2018,23.4,8
79CD27E6-3C20-0C54-188A-525D14BFDDA4,Jessica,Garrison,26/01/2018,21.6,49
E62C5393-77D5-CD6D-ED37-AD59EB5DDB51,Larissa,Tanner,14/09/2017,22.2,15
C7307189-66C3-1741-7448-4337F8BE0B19,Mary,Black,26/09/2017,21.2,18
5F61661C-8DE8-D46D-EBBF-4BA324DF08BF,Cora,Lambert,04/10/2018,18.9,6
60BADBB7-C496-D203-D7CC-C10CF1DC9721,Fatima,Salazar,10/03/2019,22.3,24
3E183F79-6E1A-ECD1-F685-3E4B57EA47E5,Kevin,Gutierrez,03/04/2018,21.1,44
9AF64E40-B38E-8984-F2F6-F4A7F2702115,Griffith,Little,20/03/2018,15.2,17
DA2AE01B-080D-A593-98BF-F6784ECC7DDD,Katell,Vaughn,18/05/2018,17,34
831BE4CF-2429-7B70-825F-6865D70EEC14,Quon,Huff,30/03/2019,21.6,50
1BD67D55-B529-547B-9AEB-AA2279EA1DDF,Mariam,Rojas,06/01/2018,18.9,1
8C008F10-5684-AF33-EBCE-5FD1B3304A90,Darrel,Meadows,08/04/2019,19.9,1
07BAF761-2FDB-2018-51F1-7E9C3F5E19D1,Lillian,Dunn,19/10/2017,22.6,49
036092BC-737C-D454-627D-BB3B40341D35,Galena,Houston,03/03/2018,18.1,19
55AD994F-39EC-C3E7-EDEB-156CB36D8182,Kenyon,Best,25/04/2019,24.6,6
CA6B03D4-BA50-11F7-ABF3-C40074DE995F,Lavinia,Hooper,07/08/2019,18.1,8
C81D3DCB-1A18-6CA9-0FEA-13CA8CBB5D50,Jamalia,Miranda,06/02/2019,16.4,24
C5BA9D02-6C20-CE83-BDC4-736050561B4F,Jamalia,Poole,17/11/2017,19.6,36
66A049E1-876C-C099-98A4-E0B56315160B,Walker,Hawkins,24/07/2019,18,23
B25C0E79-1AF0-38CE-0E8B-EBB41B029CBE,Kaitlin,Mcdowell,31/07/2019,16.1,34
9EA05B8F-9A1C-40A8-1EC4-CCB9B70EDC03,Nomlanga,Roth,15/06/2018,21.4,1
B9066556-910E-2529-70BB-2E77C971C356,Noble,Clay,26/08/2019,23,28
CF55FEA4-CFD7-A351-DFE1-03C93960784D,Deacon,Bush,30/07/2018,22,26
F0D0A466-00AC-9623-F2BD-5B7BB10FDA12,Meghan,Woodward,22/05/2019,14.9,49
0A855E06-4444-ABB0-DFBE-250BEC9C3B2E,Kibo,Leach,16/07/2019,18.9,26
15801E54-3596-419F-1211-539325CA9C6B,Miranda,Allen,18/09/2018,21.8,10
0240028D-2A89-51D6-F8F9-4C36E9C66145,Rhoda,Gentry,27/08/2018,18.1,41
91464DFB-DB6A-3C1A-4003-04BF78B38176,Elvis,Curry,24/05/2018,23.3,4
36A7B176-8D34-3AD5-D675-27E7D3A1DFC6,Cooper,Buckley,25/05/2018,18.8,31
5F6F8C1F-497D-14F4-03DB-085D35C84D1C,Rinah,Houston,11/09/2018,21.3,44
42E958C1-1986-84DD-AFB8-E7C8E1E26D49,Aubrey,Whitaker,27/11/2017,20.5,28
42674027-C429-B9CE-037F-93C53CAD0F50,Paloma,Ward,18/08/2018,18.8,38
C1666C2A-CFE7-53C0-7BD1-F8B4E18B5AD8,Clayton,Woods,23/09/2017,15.6,0
17CD9A9F-6B9A-9E17-3DF4-3D7BE63FD2F5,Jasper,Pena,29/01/2019,21.3,49
04E3880F-6C18-10C4-B6F6-67DA9172FB71,Gareth,Gordon,04/02/2019,19.8,40
1F02A2B2-C97A-7D59-6A93-F7111E8E488A,Brittany,Hoffman,25/09/2018,21.3,39
638D9950-AAFD-DAC2-6951-8C19453E61E3,Katell,Gill,28/03/2019,16.3,33
B1ADFE33-0948-9EC3-CA56-CCCE791330A4,Kyra,Gilliam,23/12/2017,21.2,17
9C8EB6A1-5FB4-2E84-BF29-A5467C1DB0DF,Erasmus,Clemons,10/03/2018,16.2,31
006AA5ED-EAC7-E727-B0B5-4E4FB5496C39,Peter,Vance,07/09/2018,16.3,13
0567E414-A882-0878-9C91-99FE1E098CA1,Perry,Cohen,26/02/2018,15.2,42
9DBA857C-81B7-DD39-BA35-0E8E9BD6DCC9,Aimee,Calhoun,08/12/2018,15.4,1
3BC25F9F-F7A0-48C7-64D0-EE88FAA72CC1,Meredith,Landry,21/01/2018,25.7,15
98C401E9-821D-7D65-F5E7-275AAB81E88E,Howard,Duran,23/09/2017,23.5,5
D04A6A0D-FB2D-416A-F4A6-C420529E041C,Anne,Baxter,19/11/2018,17.5,36
298337D5-950C-C677-DA25-C7B24235D7C9,Nora,Carroll,26/09/2017,16.2,6
917BF4F2-C9FE-9903-51B0-F5F847485644,Fiona,Huffman,26/01/2018,21.5,16
5B1F144A-4FE2-9BA3-8186-4D64B5762C2F,Brett,Russell,26/09/2018,19.8,15
30ABFFD2-B69C-03A8-273D-044071362246,Eagan,Knowles,06/04/2018,22.9,6
F36F53C2-1045-97A9-2222-685ABD85C2F6,Dominic,Petty,15/05/2018,19.7,43
82D1F1CB-FE2C-A6B9-B441-7431B981F87B,Stella,Sosa,05/11/2017,21.7,12
EB035810-14D9-5B69-5997-B92AE144E0F8,Cade,Holloway,10/01/2018,21.5,25
378DE7BF-84D4-1C55-C02A-C1CAE9FAB06D,Xerxes,Blake,03/09/2019,19,50
E2E4F892-FC9C-8F5F-69F8-D3E78E54F808,Clio,Mcconnell,08/07/2019,18.8,36
3AC95D4E-FCE1-99F9-7091-F620B91AE588,Hashim,Hays,02/01/2019,19,38
EE4247C2-B40F-5D2A-669E-79E292F98E93,Mannix,Hoffman,29/09/2017,21,12
6BA74FCA-0C5B-0F23-BE0A-27E460BED6E8,Sandra,Colon,21/09/2018,23.6,36
2376DAA8-0AAE-4B25-2F55-D4C572200269,Lane,Lyons,03/09/2019,19.7,37
453D8EEE-E4E1-F024-181D-260D5066DEFC,Charity,Sweeney,10/12/2017,18.9,35
C78780DD-8D5A-4454-93AF-D7EBDC379321,Bert,Hinton,11/07/2019,20.9,39
8E54C858-0A68-CFB7-A647-9B56CA2833C2,Sean,Mejia,23/01/2018,19.1,20
B932BD86-1FE7-D5AE-1851-947D818483CA,Gregory,Knight,10/04/2019,18.8,35
D9D63650-8963-01F2-6DE1-C62B51B84845,Kalia,Bean,28/02/2018,22.9,39
C961FFFC-6018-D0A4-8BF6-A2D6E5A2A783,Beck,Key,15/03/2018,20.4,5
EAA5C4C1-5F50-69F5-4FEA-5C7997FB300E,Thomas,Ford,12/07/2019,21.6,1
12C60267-D70A-AD86-8876-0E010A69B58E,Fuller,Floyd,08/06/2019,14.8,26
D6D26E15-0895-44AB-DE01-14493D3B6239,Illiana,Lynn,15/02/2019,15.8,0
4427092A-795B-09F3-4051-1C87E215C2E8,Donovan,Clarke,13/04/2018,19,28
94F4D0CA-BA71-8098-455C-EECA85BD7B29,Nina,Hamilton,20/03/2019,19.3,8
E9DC27D0-E33A-456A-6E94-AFEE533031FF,Melinda,Meyer,31/01/2019,18.9,4
51050F2C-46B2-F4A4-17D7-C972A261D89A,Indigo,Pacheco,21/08/2019,19.1,14
ED34AD50-B139-9479-EF76-6F7AB9325DCF,Ivory,Sampson,26/06/2018,21.8,28
997AB4F0-832C-52CB-9A66-F5864EC29404,Rashad,Jensen,20/08/2018,18.4,33
FC203816-12E5-FFA0-03FF-D3AC2812BCCD,Gary,Bailey,17/07/2019,19.4,1
1B7D8ED4-5B94-B4B9-B22B-B04E7EB772CA,Alden,Donaldson,08/02/2019,16.4,32
75DAC02B-E31D-70CD-8C9F-50AC5C1E5DE3,Dominique,Prince,24/04/2019,19.8,30
6792348D-0C64-006D-F34B-F4A743359BB3,Brennan,Guthrie,01/04/2018,19.5,25
CDAB2964-B687-4F71-3F8C-A6AB9D1760A6,Kyra,Bryant,01/06/2019,20.5,1
3E3E5526-7078-D220-5744-F598EB718667,Eliana,Underwood,21/10/2017,24,20
F040C09B-7BE5-5DB0-BD83-208CDB4F6EB6,Drake,Barlow,09/09/2018,21.7,43
F53BA195-7B4D-D438-4EC2-2E5E3EBAC6E8,Lareina,Bass,06/03/2018,19.8,9
C2BD77F4-6F5C-560D-8334-F0957C07DDAF,Flavia,Weeks,07/09/2019,17,13
3AA91FA3-0FE8-73F3-C4CE-38DFE352C317,Cally,Watson,20/10/2018,20.6,36
B16EA945-B92F-58FB-7736-E13448C4619E,Kristen,Thomas,07/10/2018,19.6,26
BC90668D-3B30-5D42-D2CF-BD86AFC33473,Kim,Leon,26/09/2017,20.7,46
70D341F6-BC57-56AB-F840-C2AECC97B9E7,Dylan,Fuentes,02/04/2019,19.8,23
754F44F4-F14D-3A1D-BBE2-3475C157E4C8,Ian,Bentley,25/06/2019,19.5,47
1E8CFE3E-FF49-85DC-C633-807B988ACCA5,Lydia,Chen,06/09/2018,16.9,44
E65CB89B-FB62-CCB9-7152-950C59C4DFC8,Seth,Blair,19/11/2018,20.7,2
E427FDFB-AFE6-0AC3-71C8-6E72BA4EDDBE,Odessa,Herring,27/05/2019,20,49
7DDF5CC0-1DB6-1945-3813-8C5F806E5BE6,Heather,Leonard,15/12/2017,23.8,2
BA0D8378-2272-D6AE-FAC2-CE1F81C04913,Paloma,Soto,18/04/2018,18.5,36
E052228D-74A8-A44E-4587-B1DE6882B151,Kalia,Andrews,17/03/2018,24.3,8
9E2912FF-A529-BAD6-A7A3-FFE75486C494,Vladimir,Oneal,13/01/2018,22.6,7
CE13BFA6-0E34-35BE-E192-58A483794D4A,Mari,William,06/11/2017,23.1,45
E66D232F-D7E4-ECA5-E73C-BB335D2F3C71,Bernard,Hurst,30/05/2018,17.1,16
5D38C99A-7726-1FBC-251E-D5B07D88606B,Gannon,Ramos,02/02/2018,15.9,15
A31B901B-21B6-39F3-8EF0-E25EAD5FD40D,Leonard,Battle,17/01/2019,23.9,23
4FCE30D1-1A58-C51B-41C1-345EE27ED3B6,Harlan,Witt,05/05/2018,18.4,1
5A4EA3F6-939D-B99D-469A-D4D16351BCF8,Fuller,Blevins,10/06/2019,20.1,21
20035B40-8382-5D68-5796-D557EFC5FDCB,Lenore,Beck,16/01/2019,22.5,17
4ECB6ED4-5EF6-1A32-A358-271C5CF6814B,Trevor,Banks,03/03/2018,26.1,8
E26CD844-21D6-14CE-940F-B50A1B0763CC,Brenden,Alvarado,19/12/2017,19.9,20
603F374A-627B-5703-39CF-7192C69F6256,Phoebe,Mcmillan,21/09/2018,21.1,5
F9F69630-6865-21A8-451F-232FDCF61D8A,Eliana,Henderson,14/06/2018,18.5,41
823A8217-4510-BE7E-45B3-32B4FD0FBF5A,Nora,Deleon,12/07/2018,24.5,32
0A57F6CA-D6A7-ABFD-7D58-60B2C1E1BAC2,Zephania,Mack,08/04/2018,22.5,15
FF6FBBB3-5EAA-76BF-1C60-A63C0897CCDA,Xantha,Hernandez,17/11/2018,16.1,28
BAED5F7F-8309-0E28-3460-5B2D1AF694D7,Cruz,Patterson,16/12/2018,20.8,45
05E32B71-CD89-E90F-C4FD-8C840E9A7E79,Blair,Hebert,12/11/2017,21.3,8
8377315B-3EC8-159D-BEAD-2532DAD6838A,Plato,Ellison,05/05/2018,27.3,29
48A64987-C75E-2E6A-EA47-D181071A3A05,Lacy,Cantu,23/03/2018,18.5,47
15448817-6055-9A76-BA2F-9142BBD669B4,Paki,Ramirez,09/07/2019,18.4,28
39FAE1AA-DCBC-641D-8CF8-2F43BCC623EF,Elmo,Todd,17/03/2018,18.5,26
62E89BCC-B585-CC9F-5F71-6B9C101FAF76,Robin,Todd,17/01/2018,22.1,9
9B19CB7C-63D2-3CF2-77B6-7B2B6C424463,Kai,Oliver,23/01/2019,19.9,40
3C7CF5B2-3EAB-CBF4-4FDF-D0051EE0C444,Kimberly,Rosa,06/01/2018,22.1,32
3978FE33-A1C5-43F0-1EBB-CCCF5B5E64DC,Vladimir,Tran,14/06/2018,22.9,49
AF496C68-A958-8D6F-7C93-6A8E72716721,Hunter,Owens,13/09/2018,22.5,38
9B0ED2B3-A130-0487-ADA6-9A2A9129955F,Addison,Benjamin,27/12/2018,18,22
7DB36E69-DFBE-A1E1-D12D-B0676B8CAB88,Vladimir,Black,22/04/2019,16.5,26
A038BCA0-200E-63AA-A007-B200A2388C3A,Keane,Nunez,24/02/2018,21.2,50
08F8C822-A411-A0D1-C3F3-A0DDF2C41383,Ora,Stanley,11/06/2019,21.4,13
46C7578B-3351-7DC6-F4EB-C1157BC8A434,Fuller,Morrow,23/11/2018,24,34
840706CA-ACB1-C92A-1798-03897F5ADA58,Karly,Hoover,18/04/2018,22.6,7
C8A96627-49F2-334F-E905-57888BFECD4F,Moses,Gibson,09/02/2019,15.1,22
5583FE19-96C6-BC29-28E6-FBBDD0BD675B,Sonya,Burgess,28/07/2018,23.5,48
787D7541-3423-849C-B7EF-C386631E76E8,Colorado,Baldwin,10/09/2019,22.7,48
0B05D756-191E-7BD9-90AE-8AF0248249C0,Caryn,Hebert,19/03/2019,20,6
1A0C5BF9-0615-D446-F67A-93C6820CE604,Elaine,Pittman,16/04/2018,19.6,0
662AB591-19DA-4C27-6135-EAA9E19D0D4D,Nerea,Fox,24/09/2018,20.2,21
AA0DC837-0A6B-E8CC-4D2D-A878EE49C7DC,Griffith,Baker,07/08/2018,21.8,49
26F49128-C830-35A1-5DBB-73DC6A1E2FAF,Ulla,Weaver,11/06/2018,19.5,17
ED494760-E454-F3D9-C4B4-ED324A41C367,Akeem,Wooten,26/03/2018,20.7,8
8A763776-E663-A42F-61D7-0418CB573789,Bradley,Mathis,30/07/2019,24.8,8
86F61ADE-6121-E5EE-AFBE-25B8C21DD1FA,Lareina,Hodges,03/08/2018,19.9,43
4096F9C3-40FD-13E5-F920-3EA42C8959EB,Nolan,Tillman,25/05/2019,20.9,40
2838B454-58B0-F505-FE0E-0C7FCA8D80E0,Vaughan,Mccoy,17/08/2019,18.6,24
5EE1CE8D-DAA3-CE09-DA48-ACF39F764EE1,Nichole,Everett,15/01/2018,18.3,31
65A79753-09AA-C1CD-B9DE-E812828A28BD,Adele,Cantrell,06/03/2018,22.3,48
EE98D251-A1FD-8C93-3A7C-7CD83E86F163,Jasper,Sherman,10/03/2018,19.2,46
4ABF6845-F47C-CFFE-4EBC-AF3F044C35FF,Karen,Bentley,10/11/2017,23.8,32
E6CA012E-32A2-A913-7E7C-FED0D028B1F1,Sawyer,Mcgee,30/07/2019,20.3,9
9B9B8589-1D0D-9A48-E6D0-6BB86D19331A,Levi,Randall,14/09/2017,19.2,47
E19C1378-E8CA-342F-E3F3-3C792B218E12,Yvette,Kirk,25/11/2018,21.2,31
77740E00-D6AD-1808-622E-1DD4FCB7EC3D,Cadman,Pope,16/07/2019,18.9,50
CB054444-8394-79A5-828F-B574E7E0C561,Brynne,Mueller,02/07/2018,19.1,16
C31D55DF-832F-2E24-E171-23F39292DB6E,Palmer,Evans,02/10/2017,22.5,13
CEEA9F97-A72A-D75D-34AF-8FBEAAF04BBE,Elvis,Summers,19/02/2018,20.7,1
C9E62088-E0F9-AE6B-3662-156C19BF2CCA,Zenaida,Beard,30/04/2019,19.7,4
C129EB59-2A7C-C984-7FD6-39239F9B10BE,Bradley,Sanders,28/07/2019,18.5,20
32378D07-A0B9-8DBF-EB31-09C10721791E,Melanie,Price,26/07/2018,19.6,34
E7836D36-D946-6D37-8178-FD0583C8F342,Marcia,Hart,28/12/2017,19,22
5B060902-0B6C-4996-0358-61E8C51D8D3D,Timon,Elliott,27/02/2019,20,49
86784126-0B0D-C709-AC55-DB2F2E88713A,Faith,Grimes,26/12/2017,13.5,46
E1B2C787-5C40-DDC7-B77B-F486572738BC,Juliet,Gonzalez,21/11/2017,20.5,2
8E210464-765B-DE04-5D19-B9BA66D754D5,Dorian,Burch,07/01/2018,20.9,35
041A4983-8764-5780-5F87-DBF86C2DEA2E,Virginia,Rollins,25/09/2017,17.9,3
1E0170B5-5120-A8BD-DD1B-BFC89D7D41F5,Aileen,Oneil,27/09/2018,20.6,37
37BB6BC1-66FB-B712-C988-A34CDB62A506,Graiden,Warren,26/12/2017,24.4,3
88E7B105-E945-71D9-9039-AF6FCBEF292A,Chloe,Flowers,14/11/2018,21.1,4
0834C7D7-DCD8-D3A5-83CA-F0829D7885BD,Melodie,Velasquez,14/02/2019,15.3,3
AFE83D4A-A25A-BB29-58E1-9A99A27565CC,Jeremy,Bowers,08/11/2017,18.5,9
2D5E2987-C3E5-64EB-CFE1-86BC3D30FE9E,Chase,Craft,02/04/2019,21.7,14
8A01B46C-18C9-4CB2-FEDB-FDBD68752E35,Unity,Higgins,05/11/2018,18.7,34
208B4ECD-A34B-8F86-D7A9-12F362BF6353,Ethan,Manning,02/04/2018,21.7,43
3681652F-EB00-374F-5433-7D16450F2E44,Beau,Donovan,29/10/2018,18.7,2
2A6C5DDB-62AA-8878-40AA-361166CB1C1D,Amery,Schroeder,16/01/2018,19,50
458A5F92-B1F0-963B-D7C1-EA3ABE278642,Daphne,Justice,15/01/2019,14.4,11
9D72E7F5-E4A4-201B-46EC-EBDA17B4DB44,Aquila,Oliver,11/02/2018,20.7,30
528A2FBE-1E38-7870-4DEA-B856C685377F,Alfonso,Becker,24/12/2017,19.2,40
706F18B7-2589-5258-87FB-53240CDC4533,Jasper,William,18/02/2018,20.2,31
B342C96B-985A-C215-3E8A-EFAA4B4D2389,Uma,Bolton,27/04/2019,21.4,45
4FE4F14C-4A89-CEA3-3C77-21624EA0E697,Steel,Baker,19/11/2018,18.6,6
32BDB586-B5DE-8E38-3123-7C3546D276A9,Yuri,Huber,09/02/2018,18.2,6
CB7E41A9-2D90-9D90-0251-FA37F06E8826,Malachi,Delaney,30/05/2018,23.2,6
6830F4D2-2AC4-149A-DC1B-7F60DFA2B813,Raymond,Fischer,25/08/2018,17.7,28
E91E62BB-2B33-BE15-326F-4E73DB58DBA4,Ciaran,Robles,02/06/2019,19.4,17
485195CE-CB44-63E8-C39D-5A2723E41A72,Yoshi,Shaffer,04/01/2019,24.9,38
E15A6E0C-778B-37CC-AFE0-AE89CC4C20D1,Fitzgerald,Holden,20/08/2019,19.2,4
97D89097-442C-CDF4-A238-CD6A50A30D06,Kadeem,Mcdowell,09/10/2018,20.7,10
AC20514A-166A-9C4B-A13E-3F9D13130D68,Cole,Whitley,20/03/2019,15.6,46
A5C46FB3-8EF9-159D-ECF1-115703AFF672,Bo,Schultz,14/12/2018,18.8,11
B740F89F-FF46-F78D-202F-4BD5E69C4E9F,Zoe,Guy,26/06/2018,19.6,38
BE31E3C0-F20E-C04F-9650-35A76CC8897E,Daria,Montoya,22/02/2019,17.8,11
DD259216-BD77-8F02-674A-DF90A23CDD2C,Malachi,Cochran,10/07/2019,15.7,25
926B9539-7F35-F666-9D21-581DBADAE2A0,Marny,Puckett,23/11/2018,22.3,31
B55951F1-93AC-98E3-3BF8-64E6602D1116,Maile,Sloan,09/01/2019,20.1,28
093B7601-9503-76BB-B945-A155250C2C32,Daphne,Anderson,11/08/2018,22.9,0
0DD9C72B-5A8D-FEE7-C7BE-6BED27A9D89C,Bevis,Warren,04/08/2018,20.6,31
25CE9C6B-23E3-91EC-001A-A6B394BB76D6,Jaime,Odom,04/08/2019,14.6,14
1F66CE6F-8385-4504-5405-10ACBE803DEA,Patrick,Sparks,01/09/2018,17.3,4
FB63FC05-30FC-2348-7A76-82907520D4E9,Quon,Yang,14/03/2018,15.4,2
89B322FF-EA66-949B-0296-83D5D73EE734,Barclay,Bradford,17/06/2018,18,44
3F9FCDBA-3BCB-6608-381B-C0A3C8EE7026,Hillary,Keith,26/01/2019,21,25
5F773092-6E19-D68D-DE1C-BCCD197ADC61,Camilla,Sanders,21/09/2018,15.3,25
18B85537-C81F-7759-9096-CAA98C9DF584,Lee,Hampton,02/02/2018,18.9,32
7930BFB3-12F0-E2A4-BB5B-DBDB0C26F844,Bertha,Pitts,04/06/2018,22.1,13
D5022EB1-9848-831D-A881-0CA443741B2B,Garrett,Wong,05/05/2019,18.7,28
48A7B1EB-7150-1056-A8A1-3AA8704C1FF5,Holly,Holt,29/12/2018,20.3,10
043833D4-2390-EFC4-57FF-6A5F302ECFC3,Piper,Medina,31/07/2018,17,15
8E0EE12F-417F-CE2D-8DB8-06BDC0D76291,Ingrid,Orr,13/07/2019,22.1,39
12004D11-F7F7-4BB2-C10F-D459069050E0,Doris,Livingston,18/12/2018,21.3,49
737A9007-5331-A923-DD95-4F550845A260,Wynne,Guzman,27/10/2017,25.3,16
F9532454-55A8-DBEA-2DDA-EE505429AA1F,Micah,Hebert,02/02/2019,19.8,8
9E6D2A6A-6664-6C80-EF3C-7EB4073073E4,Aileen,Sharp,09/11/2018,22.7,44
BF233D71-E819-5CBD-A443-590072372846,Blair,Nixon,12/02/2019,17.6,32
3904C27C-4ECC-E03E-78A7-3EEC363B1E41,Isaiah,Baldwin,19/10/2017,19.5,35
321EE982-F3A6-655E-83BB-674318CD63A1,Alyssa,Madden,14/03/2018,18.5,1
7189E9EA-1AAA-A02A-685E-B518AC9B7214,Dorian,Berger,28/06/2019,18.4,22
2AEF0E4B-475A-8BD0-2B65-279E66CC78D1,Galvin,Reynolds,16/12/2017,19,21
B2E84A39-78E7-E2A5-9F8E-06E68127B79E,Aidan,Caldwell,30/08/2018,20,14
62BA85CB-636F-ABF3-36D1-B4E98FB3305A,Cora,Tanner,05/06/2018,16.9,12
E3FF1707-6597-50A9-377A-E24C2EC33446,Jason,Owen,20/01/2018,19.7,37
5E52665E-5528-CA46-A2DB-126C11B31935,Ciaran,Sanford,16/01/2019,16.9,33
6F719166-484D-5A56-CF89-7480E8DE0225,Brynne,Jacobs,04/10/2018,19.9,31
3C87F847-0AF7-F070-5829-E8950472F3BB,Irene,Savage,23/04/2019,18.2,8
8C9DBCE2-17E6-8B4C-F471-0588C2B894EE,Rahim,Pitts,07/06/2019,23.5,15
7A2C8E16-79E0-7BBE-CC34-BD8FEBBAD24E,Ishmael,Knowles,08/01/2018,20.9,1
13391CF8-387D-1090-7D55-9620C8AD8B92,Clayton,Pearson,03/08/2019,18.9,16
F6D8B256-67F6-1C1F-5775-46053CFDECB7,Kitra,Campos,29/12/2018,21.1,27
4C43CFD7-0F74-4BBC-E604-9B2B23D9A5B1,Rudyard,Black,06/12/2017,18.8,24
E1021AC4-2968-3C27-A512-DD11362CD245,Velma,Madden,26/01/2018,18.9,2
E6CC77FF-7325-3821-DCB9-DBA938616B22,Luke,Watts,09/09/2018,23.5,42
83EC99E8-64D2-91DF-6EB6-AF9C70603532,Louis,Beach,07/05/2019,24.5,11
C402BE59-901B-C454-0B96-6E1B0B9E52BF,Erich,Luna,01/04/2019,21.8,27
BAAD7823-DFB5-C902-F976-95E34ECA51C4,Eleanor,Le,23/10/2017,19.9,21
ADDA5D01-D7BA-F5ED-FBF7-17540FDAB24D,Logan,Wynn,17/07/2018,16.6,4
805D211E-37E8-A2C2-161C-60AF48D32DB3,Amela,Tanner,30/08/2018,25,17
283EFA9B-D60E-E3F6-7CFE-C31FDF38FE89,Hiroko,Flores,09/06/2019,21.4,2
979FCBE5-B62A-DE0C-9B9B-2671C4D970DF,Oscar,Santos,11/01/2019,17.1,16
E4A4705D-176C-146C-6B2A-58201D7DD49C,Adrienne,Robles,01/07/2019,21,0
86C458E0-C23F-0547-A49E-935A24464B4D,Steven,Marsh,05/04/2018,18.1,11
D4E143A1-26FD-928C-2AB2-320663373FA2,Alexis,Rivas,07/07/2018,19.3,10
36DD9279-0C52-8182-BE60-B707D72C5A25,Joy,Todd,25/02/2018,19.3,12
BE407E97-325B-E1EC-9171-EBA76A3FE957,Hedy,Ortiz,09/01/2018,19.4,36
ABD1E25E-5BC9-7A53-DB1B-C8BDBE73158C,Brielle,Robinson,14/11/2017,22.2,43
89560F3D-3D39-89F4-289E-5A032E6B71CC,Asher,Green,29/08/2019,22.8,24
A10016DE-9D27-AA1E-1423-89003431CF69,Kane,Kelley,14/05/2019,25.3,38
BCFC7458-4DA8-3099-FE3C-206C2074C031,Mariam,Gould,04/11/2018,14.5,27
85BDF51A-D8A5-7A94-B96D-FCF982837D54,Maxine,Austin,11/12/2017,19.4,11
C411BCBF-7434-B777-B039-946B7B173EE0,Tamara,Brewer,30/08/2019,16.7,50
EF5CCA4A-1AAB-CEA5-E80D-870206C9B897,Amy,Murray,09/02/2019,16.7,2
BD11AE0F-64A9-7454-F5C2-9906F4074E15,August,Booth,25/06/2019,24.3,34
055BEEA8-995C-6610-E5F2-509C6A7E6DC6,Xerxes,Stewart,16/09/2017,22.9,30
B04CAEAD-F9BD-BD6B-BCAC-BC9D7CBCB38E,Harrison,Ramos,03/08/2019,18.5,27
32AD02AE-AE3D-0FBF-3C5D-431B8BC88156,Avram,Deleon,08/01/2019,22.6,29
4A7C356F-2F8B-83D8-CF34-86802CBCB45F,Hanna,Harrell,19/09/2017,21.7,23
41AB2C5F-7E80-1C90-93A6-B6174FB828ED,Regan,Johnston,13/02/2018,20,42
3B1622C5-060C-6250-2F52-476F031ECFF6,Kay,Mayo,05/12/2018,21.1,15
9987952B-C404-A48E-C82B-193D8D63689A,Simon,Raymond,28/06/2019,19.2,5
A46F02B0-ED81-078F-F96E-0A2C097C859D,Colton,Martinez,02/11/2018,16.5,17
1E8EA4BA-A251-A6C4-8615-EE0A5CA17AD2,Jakeem,Myers,01/09/2018,24.2,22
2CA804C0-91AE-43E7-8E48-4752D23F2CCD,Cameron,Rich,16/05/2018,21,18
18A2374E-2CA1-4047-91A0-D5B26AB8ABA1,Steel,Wong,08/09/2019,18.1,8
88A777D9-5D65-0C76-C0AD-671CA99B5796,Sopoline,Sloan,06/04/2019,19.9,29
515FE2A4-8728-78E2-6642-B9F203B0FAC4,Ava,Burch,12/11/2017,19.7,47
CD73BB08-54F5-172B-9BA5-B3CE2515EF8F,Ashton,Castillo,04/08/2018,23.3,23
74187C02-37DD-D47F-6619-36032D8D1FB0,Allegra,Barrett,01/01/2018,16.8,45
1DC7C91A-25B5-ED8E-D171-FB4DE042B2A0,Cleo,Stein,01/10/2018,25.8,23
8BEC0AB0-689A-BC2D-9DA1-F2F9ABF42240,Maia,Combs,11/04/2019,23.8,12
0C23A9A7-C03E-0FD9-A32B-5DBCD27C0EA0,Nomlanga,Brown,01/12/2018,21.6,35
3D84F5EC-0674-902E-F674-5903A71E9882,Daquan,Cameron,06/10/2017,21.1,11
D4F1C393-66A3-1BB8-26D0-C497A466DF94,Jack,Marsh,11/11/2017,27.1,14
ED486CF6-521E-A439-2EE4-8107F06BCBC2,Anjolie,Drake,25/12/2018,20.9,28
6C953CF5-6ACA-5D23-49FC-C203A6F3A23B,Kaseem,Walker,24/05/2019,16.9,20
61DCB1D0-68FD-C806-C2D8-971A8B332D86,Yen,Moreno,21/06/2018,23.5,17
F400D44C-7B80-938B-729B-93D718E1DE3D,Brennan,Harrell,07/04/2018,21,3
745A2E34-0219-A9FD-30BD-C660BE70E6BE,Vance,Noel,18/03/2018,21.5,22
6FC0A852-4B5A-9C36-DD4D-224E95C72D9A,Ian,Gibson,01/12/2018,21.3,8
602F4AD8-89A5-FB49-A1AD-0248F5ACC8A0,Jason,House,26/02/2019,18.5,24
889EDBFF-9EB4-85AB-7B5D-4320E813D6A3,Garth,Foley,05/03/2019,20.8,15
71698491-AAB4-8116-CC3E-6A270DF91D90,Dominic,Morgan,16/03/2019,20.4,27
2C29D4CC-E8D3-82CF-E172-9143B010146F,Luke,Browning,05/06/2019,13.6,12
C6BB530D-2A06-C662-139E-D1A4AAA188EB,Peter,Baird,11/05/2018,18,33
C2044475-D92F-42BF-FAD9-8D4AE11C7C99,Lani,Benson,24/09/2018,23.7,15
599ACA99-2C17-128F-2EEE-56929DACC5C0,Blaze,Shelton,25/07/2018,19.8,44
E175E400-DB4B-1C27-2468-FA62CC9E5F1B,Joshua,Fulton,08/03/2019,18.2,36
F71E4343-F80E-292B-F682-3B2B94367D64,Karly,Rios,12/03/2018,19.3,3
75B5C321-3932-4B4B-201D-02502BE2748C,Michael,Wise,28/05/2018,18.6,30
446FC2AC-0F8E-3909-78D4-2ADFD2E22FF5,Brendan,Stanley,17/04/2019,20.7,43
7B6C2043-B837-76AD-7951-1AE49EFF117D,Christian,Pratt,25/06/2018,19.5,25
5FB162D3-CB64-2B58-5EAE-866F119EE339,Hermione,Morgan,04/01/2018,24.7,25
25BBE64E-2885-9CCF-E74F-34263EE0F344,Sasha,Hernandez,05/07/2018,23.1,7
4A9218A6-1A03-5075-52FB-FCC3CEDF7B65,Lacy,Hutchinson,07/08/2019,20.9,7
EF4061E6-AC06-8DC7-2332-71F353CF173F,Idona,Carey,28/05/2018,20.5,28
FAA0B5AA-885E-1E54-02E3-73951B5C7079,Sylvester,Carroll,14/03/2018,20.9,46
FBA0D893-A1CF-9A6F-0B65-069C4597047C,Erica,Chambers,31/03/2019,22.5,15
8C8B5B4C-5260-3D72-E24B-E92F8A3EDECE,Vaughan,Velez,11/07/2018,20,4
C40BD4F1-0F3E-8CD9-A634-84F69B6363C1,Dominic,Jarvis,08/04/2019,15.5,38
B3ABB98E-B7FB-54BC-ECDA-800DD482CDA3,Cailin,Turner,27/01/2019,22.4,32
8651276E-94F6-09AB-CD81-24531CA0714C,Peter,Blake,10/02/2018,24.7,48
334621D6-1316-E17E-F104-81D335E8EE9A,Randall,Owens,25/02/2018,21.6,11
2728E792-405C-DE07-F041-CC788D6D8B60,Ryder,Beasley,25/08/2018,22.8,47
61E89724-EF3C-A9A0-7B12-3DA18A14E1AF,Prescott,Newman,18/01/2018,26.1,44
0EF39177-0236-84FF-F995-E32CD747EAD3,Hope,Johnston,11/02/2018,19.7,35
86180C7B-295E-A31C-1BFE-BFDE3CD8896C,Jescie,Vaughn,08/08/2019,19.8,48
7C1A1C4E-3A3A-209B-2FBF-F70BCC1F7FB7,Eve,Hewitt,15/01/2018,21.2,32
6236CF58-78C3-F3EB-F710-735F292F972A,Dane,Patterson,18/09/2018,24.2,42
D65B1B71-ED00-C2D8-8D31-97CBBE42AD57,Jemima,Britt,06/03/2018,19.2,29
419554FC-80DD-927E-70AC-CF3F3ACFD371,Kellie,Craft,13/03/2018,16.9,26
898286F5-3370-7244-783B-6EDF8F8F0DC7,Alvin,Sweeney,22/04/2018,22.3,1
FE1E71FC-6531-B63B-7515-46036F00266F,Jonas,Wright,23/01/2019,22.8,9
FB09E58D-8A1B-6AD6-192D-3A2FDD3B1FD0,Venus,Barnett,06/05/2019,18.4,17
98FF81B5-4158-CFE9-CCDB-9DCC51AD9E63,Melodie,Walls,14/03/2018,21.6,0
66C23807-65C8-134E-5C0B-88362C176643,Aubrey,Bowen,25/07/2019,18.9,36
FFC46456-021D-8D47-ECD4-9B4A816342AF,Bertha,Bishop,17/07/2019,21.9,29
FBE222EC-4EF7-870D-9A37-2C342D98F737,Edan,Doyle,22/11/2018,19.2,21
6CE650D3-3EFE-C57C-29F5-B05A8BDBBE93,Aubrey,Savage,22/10/2017,17.3,38
855B39F5-F8AA-E70C-66DA-3703E006DEF2,Teagan,Lindsey,11/10/2017,21.4,4
EE04099D-5A6E-20D2-76E3-5C731C4DF47B,Keaton,Aguirre,31/07/2018,15,47
39034543-C303-EA23-479C-0B3C8F181F20,Anastasia,Russell,24/07/2019,15.6,40
FFDD0B78-B1F2-B656-3A73-790C5F74B2D1,Malik,Mclean,20/10/2018,20.3,4
76A58268-0228-2271-54AC-D3B89AC3C2D0,Francis,Hart,25/12/2017,16.7,12
C3BECDD6-CEB8-6BDD-9931-BC8C04F2F4D8,Cade,Conner,26/05/2019,16.3,34
3D9F4657-F0DA-5CAC-C4D9-632D7622829D,Reese,Koch,09/04/2018,18.8,1
2865C633-E96A-9A6F-BC30-D47E588B7751,Dalton,Perry,23/11/2017,23.1,28
1381B4A5-0037-7631-0E27-7B2D2DB12C2B,Dieter,Clark,01/03/2018,18,29
C257DA5A-623B-4FE0-88E0-B3828B645E9C,Kay,Cherry,07/01/2019,23.1,18
BAC26929-FD95-1D4E-3736-5F4E8EEB3D33,Murphy,Flores,24/01/2018,20.7,35
6EC55649-046B-E3CD-9CB1-E88CEBC56F48,Cade,Lambert,26/01/2019,19,4
F4A1597D-5C34-DD57-112B-FB37ADDC7620,Todd,Nichols,24/01/2019,21.9,22
599E31ED-DC22-EA5D-6CA5-047614596FE3,Haviva,Daniels,26/02/2018,17.4,39
74258B87-8480-1B98-A8D7-992E57C3AEF5,Priscilla,Orr,14/09/2017,19.7,4
45EFA88B-8668-AB11-1408-3EC568C9DDCF,Kelly,Lancaster,25/12/2017,19.3,22
692310D8-5647-A41A-CED2-48CAE45E87F1,Tyrone,Guerra,13/12/2018,16.8,15
3C7BE39C-388D-BFA5-5A7E-A03D1B252385,Hollee,Rodriguez,08/02/2018,21,29
4DC9CEED-A6AA-6A63-514F-51193CE1B1F0,Paul,Ballard,22/11/2018,23.5,19
67AC8C03-BAAE-4A4E-6783-E87340B02C9D,Kiara,Guy,29/04/2018,18.3,40
2FE83218-B718-3E84-AF12-C9947F6C5FD8,Rajah,Brady,02/10/2017,16.3,24
7A439B1B-1B88-5DC7-96F3-D10CC8112EFA,Finn,Rollins,17/02/2019,19.5,47
A1868CC5-2E02-21E3-E676-88E21F48ABBF,Brody,Galloway,17/07/2019,19.5,25
2CB4ED2C-BB77-0D90-7AB3-C36CECFB4687,Fallon,Donovan,24/10/2018,22,34
0C98D64B-FE66-CF3D-52A4-84F724A182E4,Carly,Lawson,17/07/2018,18.9,49
4D095499-0A0E-22F4-3871-38452250D49B,Margaret,Lopez,30/11/2018,22.4,6
236D18D6-5919-5FD3-A104-0E564BB6C9B7,Flynn,Hahn,23/12/2018,18.2,43
D4FFBF1C-3E52-6219-4E6F-FA1A568C3A42,Simon,Keller,09/08/2018,18.4,44
42301B8C-C4CA-27EE-20AD-DA24CCCF63EF,Steel,Drake,30/04/2018,21.4,19
75EDF73D-4DD8-A295-9436-02550C8C0D1F,Charles,Le,16/04/2018,20.2,13
8AFFD8D2-6B6D-8CC9-E1F7-F9DA7A2D642D,Jemima,Short,10/12/2018,17.7,7
55F9EFCA-AF61-CC49-1315-AAB261563B32,Callum,Mccarthy,17/12/2018,22.8,39
E71F187B-8745-006A-9CFF-52134CC185C6,Howard,Bolton,10/06/2018,15.9,17
8C6C3BC4-5681-0F74-DCB3-C3156130366B,Xena,Kinney,06/06/2019,19.1,17
70823261-E918-68C0-4F0E-AB7F9B46D5A6,Lilah,Castaneda,15/09/2017,22.8,8
084EEEC9-C84D-072E-B0E4-7163E09EE407,Dale,Pearson,02/10/2018,20.8,44
C1A77A0F-BBE7-A050-0BA1-78332002C263,Jade,Cooke,25/02/2019,18.3,38
CD66F6F4-83A3-E873-994A-5DEF9C759796,Demetrius,Carroll,14/12/2017,19,38
DEB68DA7-5441-52F8-5187-4AF8733168EA,Kimberly,Walsh,28/10/2018,19.2,36
67D48909-686E-BF88-E0EE-67C259B2D290,Heather,Mcpherson,02/02/2018,19.6,14
8D749003-D0B9-F607-F7EC-86B8C121E965,Quinlan,Hewitt,08/02/2019,20,45
7307A1C6-78E0-FCD4-4ECC-26492DCA59B7,Lael,Schmidt,17/10/2018,22.2,31
66827E1C-1A25-5BA5-F12A-2B74C52D610D,Quamar,Miranda,23/10/2017,19.4,36
087EAE05-B865-4825-6DB3-A37F159D01BC,Mufutau,Colon,04/04/2018,20.3,13
0333B5C9-6631-C6B8-4197-C9F8BA024B8B,Regan,Dennis,16/09/2017,18.2,1
48A60B71-512F-9629-1D07-EFEC787D6D22,Rafael,Ellison,11/03/2018,16.2,50
0DDB3DC5-7ECD-8E07-F865-186619202404,Colorado,Hopper,21/10/2017,14.8,7
9EB89E54-E55C-7226-187C-4FD1D187CAF1,Amena,Stokes,20/02/2018,22,47
8FDEB99C-3F39-581A-2FFB-193E176C223E,Nichole,Barrera,06/03/2019,21.6,13
B788BC05-0E63-2FF6-50C3-4C1AA4DFCEEF,Emerald,Kline,09/12/2017,18.9,14
86EA01E3-1D19-0FCB-54DD-D95AE281D445,Xenos,Austin,07/12/2017,11.2,26
1DC20017-24A7-94E5-C157-C2F116F85C59,Austin,Acosta,07/05/2018,17.8,46
3CCA3B13-7089-4D58-4897-1D97AAFEC0F4,Howard,Woods,11/04/2018,23.9,27
6870E37E-B404-541F-35A5-5E6DB551879C,Brenda,Waters,05/07/2018,16.8,17
323D82C1-552B-738C-BF42-685C30E3C592,Daniel,Joyner,09/03/2018,23.3,1
204EABD0-A8A6-5FE1-95F1-4FF5C5DD0FA6,Nathan,Travis,02/08/2018,18.4,32
2E62E6FC-5A64-0E1C-36F5-FF172D3DBD28,Dorothy,Dawson,26/09/2018,17.6,10
C578F049-2133-6160-2A15-9758C6B5AF39,Xaviera,Bowman,13/09/2018,17.2,0
BD00AC89-8282-5754-64F6-E52098F61088,Noah,Burton,12/10/2017,19.7,16
88DB2403-3DA3-F5EA-2440-78385F7B25AD,Duncan,Frazier,16/12/2018,18.5,20
E4C27A66-9883-9082-9D25-A17389A7436D,Dorian,Keller,27/09/2018,20,3
0ADC871B-C317-CA02-29D0-A52925611560,Branden,Yates,09/02/2019,21.5,31
1CF145FE-9DAB-6499-283A-10A5F3A78631,Macaulay,Pennington,17/09/2018,16.8,25
7897E989-E191-77F6-AD73-A8AD819633EA,Marsden,Reed,07/04/2018,21.3,46
2179DA54-3431-A926-9719-B37AA02811A0,Wang,Mercado,05/06/2018,22.3,6
ADE6CBB8-F5F2-F1B6-1F7C-06F156538824,Kylan,Hinton,19/07/2018,20.9,50
C70CE88D-0993-F41F-E9F0-941AA27D3615,Shay,Beasley,19/11/2018,19.9,45
C8A15F9E-0150-F43A-841B-34859905BBC5,Nell,Barrera,23/01/2018,21.8,22
4314E66E-B3CC-01C1-D25C-AADB18047BDE,Rose,James,12/02/2018,16.6,41
6522BF6D-BA1A-125D-3548-2697FBAE495D,Desirae,Howell,13/12/2018,21.2,26
199B67BB-CCE2-080B-669D-2DFA3D2A8114,August,Berger,31/07/2018,16.5,40
0DD6A565-3B6E-A315-635C-1B311A9AE3E8,Ethan,Ward,20/01/2019,19.1,11
AA987978-2123-5D2A-CD21-FFE1799CEFE6,Signe,Watts,21/08/2019,18.3,2
C45D91E4-6FA6-F323-EC41-F5FABD85509C,Sopoline,Leon,06/07/2019,23.7,47
3B360BD5-17A4-C9AD-D211-2609E18372E4,Kylie,Stephenson,11/08/2018,18.5,21
BD08DBB8-ABA7-7FC4-9F5E-BCE9FFD75B74,Breanna,Sharpe,12/01/2018,17.5,36
C7B0FF84-CCC4-CC71-7D7C-74B12607577C,Axel,Hendrix,03/07/2018,17.8,21
6DF5AB4F-3658-CC68-E287-268CA00FBC72,Chiquita,Riggs,06/01/2019,20,9
B8CD73BE-6C21-BB80-40BF-48F317DFEE9D,Marvin,Byers,14/05/2018,20.4,23
B6FC8B47-C2C5-7972-6881-B88D5F887CF4,Russell,Good,21/01/2019,22.3,26
0259FFF5-FC38-FD93-A02C-E8970E70EBBF,Mari,Blake,11/12/2017,19.6,25
1C3BEB8F-ACB4-9815-6E7C-F40A25C17342,Damian,Marshall,23/03/2019,18,44
FAA281FB-AC73-A861-331C-225FFBEE4C8C,Gabriel,Estrada,05/06/2019,16.8,15
3B71ACA2-7E7F-BA29-1A44-BD8A40EBB2AB,Helen,Wilder,22/02/2018,19.7,22
8CF85066-FD11-7479-A4B7-10109D308728,Paloma,Hines,18/09/2017,22.6,42
20BF70D0-0729-1F53-29B6-53E3FB74D8BF,Steven,Bryan,23/05/2018,17.9,5
363CAEB7-88AB-F8B1-B3AF-B83088B512A0,Andrew,Boone,17/02/2018,19.3,0
B9610A3D-334B-ACCD-9B5F-9CFCFE76E506,Gareth,Kramer,10/12/2018,25.7,19
191A7A19-0D83-2F8D-DA9A-F2CE294CDEC9,Rahim,Graham,01/10/2017,20.1,8
8E9CDA58-0F54-4BAF-CDA9-D2B3DA95725F,Beau,Mitchell,12/03/2019,18.8,42
3D113667-908C-D1BE-A1EC-F46554717CE8,Thaddeus,Mcfarland,11/03/2019,15.6,13
F9FF9EDA-C89D-103E-F01F-FE318AE20989,Garrett,Ray,01/03/2018,22,35
62B365A6-0BCA-5AF8-39A3-2515FDFFBD52,Caryn,Dawson,14/05/2018,15.9,49
C9926CD9-83CA-5B8A-6243-57AD548DD257,Adena,Whitney,16/07/2019,22,42
DAB8C965-CC7D-7E8D-4C93-DFC5CA44255A,Sebastian,Joyner,24/05/2018,18,10
674C5B92-4AC7-42B2-E2FC-688BF9DF1D0C,Roanna,Jensen,29/07/2018,21.5,26
48E81731-0F64-A463-477F-8E63843F8802,Daryl,Thornton,28/02/2019,21,24
7283B8EC-9925-0D44-39E7-C91E9D8C4304,Jelani,Barnes,25/11/2018,20,5
F1E3A65A-5277-CC7F-BD81-D3716535821C,Nelle,Mccall,11/07/2018,17.2,50
474C989A-770D-32AA-66A8-E8002E640396,Andrew,Freeman,12/03/2019,24.5,10
0118CB77-6827-9851-10ED-BA7A345393CC,Mannix,Kennedy,06/07/2018,24.8,29
BB4052F5-0714-9C55-B989-CBAC00C2258F,Ira,Good,10/02/2018,18.2,33
9BFDABAB-8BCA-E0AE-AD44-B3BB5C51A03D,Dorian,Dudley,10/09/2019,20.2,3
EEEAF085-CB39-41EB-68AA-07233FF9F911,Louis,Holt,27/06/2018,21.2,38
D744355B-4534-C703-3A76-A8738E2B64AE,Indigo,Hale,22/05/2018,19.3,29
73F5ABFC-F184-2ABA-15DA-219F2E573C5F,Uriel,Faulkner,03/01/2018,17.7,4
BFA2B997-4C7E-3E7E-0437-3BE0659A0AD6,Uriah,Pacheco,31/01/2018,24.5,50
AE5E9EAC-D826-C01D-92A3-4B542DE65137,Risa,Rich,01/10/2017,16.8,49
FD56DBA8-0A16-A2A2-40FF-CB21228B5039,Colt,Hopper,06/03/2019,20.5,12
1645A23C-3674-C5F5-EF7D-B6E0792F88E0,Forrest,Browning,14/07/2018,18.8,8
684EAF17-B904-6496-B207-D231396D6CAA,Irene,Delgado,17/06/2018,19.8,48
A439EE1C-FA76-9365-0916-83F10AD73D32,Eaton,Vaughn,04/06/2019,21.3,27
FA4939B9-7A97-D26B-23B2-F96142590820,Sawyer,Mcbride,02/01/2019,20.9,26
E6EE8737-1AA9-FBE4-D1FB-C0D21B13BF5E,Dara,Wilkerson,14/03/2018,23.1,36
EC241205-C664-9DEA-FFD5-BABE511A48C1,Samson,Hays,27/08/2019,19.8,19
730A5032-2F38-78B4-C4B9-7FDC52E49FF6,Stuart,Kirby,11/02/2018,18.8,28
FF36483E-F388-061D-E26F-4412968BB3E9,Alexander,Velasquez,19/10/2018,23.1,13
C8D2D443-2EC0-9C5E-81D3-0A919DB0D686,Reece,Clark,27/10/2018,21.2,29
88634203-9F05-D3DA-1640-7B2BA2DF7EE3,Meredith,Gaines,08/01/2019,15.6,43
647D0CC8-C888-F160-8912-7B1AA34678C3,Gabriel,Reynolds,31/08/2018,21.1,1
A53E4AEB-32C1-0545-A747-1D4C5EBF5B09,Fritz,Kelly,21/09/2018,18.8,42
584BF2E6-4F1B-3793-53F7-F4E11330A8D8,Stacy,Conway,07/04/2019,21.2,26
41855605-9C3D-FB1F-B5EF-6FBF89310B20,Aladdin,Cantu,23/04/2019,17,0
40420A5A-5A3E-FF37-8B42-23036777FD4F,Merrill,Gentry,03/05/2018,18.6,16
9A1AF762-6A42-6835-FA44-09503A995405,Ruth,Bradshaw,07/08/2019,21.9,26
170EEECF-D811-43EF-12EA-CEC6E2A59F06,Paul,Skinner,14/01/2018,18,27
7A02A5BC-E2C5-0FBA-25EB-211D80ACA6BD,Bethany,Fernandez,14/09/2017,19.9,30
6F758872-FCCF-57BB-7507-BABAFE878F9E,Odette,Rodgers,19/05/2019,20.1,28
596F30F0-96F3-98A0-F8BE-3069875D9552,Tad,Noble,17/01/2018,18.1,30
01B2BE08-45BD-0661-1272-0C66177E6470,Leonard,Sanchez,07/12/2018,21.3,38
677CE1D0-9FC7-930F-DC31-B4BFED8E1A11,Shaine,Peters,09/08/2018,20.5,24
39F88BC5-F592-347D-F762-C260D4781977,Whilemina,Gonzales,17/03/2018,18.1,27
B6F6D5EF-65AF-67AA-2749-E61C02ADBC0E,Kennan,Horn,27/12/2018,15.2,27
0E778111-D4B9-859B-79D9-1E64DF0A32BF,Jameson,Kirk,30/10/2018,19.8,23
0B0DF127-5F3F-9891-F150-60D93989980C,Hector,Day,08/11/2017,18.6,22
8EDEE191-15C1-0FF8-8914-20CF817DC020,Rhea,Rose,04/06/2018,19.7,18
4D61B9A9-D113-95F2-73A4-6D481565A588,Jada,Cervantes,26/09/2017,17.9,38
7F49FF32-C006-62F9-73DF-D8241B9AA767,Dane,Stephens,15/07/2019,22.8,36
C83AFD47-C759-0873-D7D7-AD75B254BC64,Oliver,Knox,23/12/2017,20.2,22
A9E4F33C-2297-263C-2CBA-A67C7136A885,Owen,Bender,26/02/2019,20.9,38
71BD97A6-8561-555E-85B8-1AE2CBDF3299,Lisandra,English,22/10/2018,20.1,20
5175D21E-BADE-3CC1-4EEB-B915D5EE6ABC,Asher,Hartman,11/05/2018,20.4,25
DA2F3F99-BDC2-2FC8-EFFC-4276D525360E,Macaulay,Holt,02/12/2018,18.5,48
E298D114-FE82-65ED-421B-0B618649319E,Ima,Mayo,23/03/2019,18.9,24
1EEDF290-A77E-815C-ECCB-7D52BB4750E2,Nadine,Wong,08/04/2019,19.7,45
D0CE58DD-9330-1131-B7D0-7A17688F0421,Dalton,Welch,14/05/2018,19.2,18
98C2FB52-D539-64F1-3B80-25CEC127D11B,Marny,Morin,08/03/2018,14.9,37
21D8A88B-559E-3057-85DB-F230A21782F5,Ori,Browning,24/02/2018,17,8
662D8D1C-67FF-D9AE-EA35-8E32EDD6653F,Stuart,Dickerson,26/09/2018,22,2
D39145B9-5CE1-F407-6A2F-B27A4C9DBD0F,Beau,Pate,12/07/2019,18.9,19
0EA473C1-2141-AAC5-1E14-813089860A03,Lucy,Galloway,09/11/2018,21,49
B327FBFB-F715-1CB0-4166-3E34AAD6EBCF,Skyler,Stark,28/01/2018,22,49
010EBE24-CBD0-AE03-7AD6-A1D57DEF22F3,Kellie,King,04/05/2019,19.5,40
5DF7AFF6-6B03-2F5B-A372-175F6143713F,Sloane,Rodriquez,25/08/2018,15.8,18
5735EE41-F684-7F68-3518-010B3C84D36C,Shana,Cortez,19/12/2017,18.5,0
1002FE20-9307-038F-7BC4-EDAFF355C039,Garrett,Riggs,11/06/2018,19.1,20
753C8E9E-19BC-584E-42C6-5C57A4C31255,Kelsey,Ashley,10/05/2018,16.2,0
D06F5694-9CBD-E97A-5076-815589263328,Byron,Camacho,19/05/2018,23.5,10
8AD66130-4BFB-70F5-EF7D-E0578C646DDC,Keely,Horne,07/05/2019,20.4,46
96DF19BA-E6ED-9461-EF64-619534070D65,Slade,Cooke,21/02/2018,21.2,10
519EAE90-5503-A185-9FEE-AFC062D47B5E,Shellie,Jennings,13/12/2018,21.2,21
B59A2ADC-0882-0549-16EF-41DCF30F1A76,Jameson,Gaines,04/11/2017,24.8,27
CAA8B7E5-31BB-280F-12D9-E1E648341799,Merrill,Valentine,25/01/2019,17.8,40
A1B8F856-80D6-A821-79FF-21CC5C1C8BF8,Emily,Martin,05/07/2018,21.1,50
1BA1D483-7E79-1146-F456-6A27F4697D82,Knox,Hebert,23/12/2018,22.5,38
250E30B5-7F0C-32E9-5877-0D9A9CD136F3,Kim,Hewitt,16/07/2018,22.6,8
D4052609-8A1D-FA85-A613-D15AC83AFF48,Ella,Alvarado,05/05/2018,19.3,15
E3DE632B-B966-1260-9270-98B792A14930,Fallon,Gill,11/10/2018,19.2,27
8B879F45-18D8-3DC4-A7B9-E01D62D3E92F,Yasir,Hale,05/01/2019,14.7,5
C851C002-2CDE-1A58-5FB6-24B739AF03EA,Callie,Walker,01/10/2018,18.5,42
632F6FBE-7EA3-B73C-6DA6-D880D4B4AAC2,Catherine,Potter,28/05/2019,19.1,48
BF247C4B-DECF-2882-C044-DD4846AA7A58,Faith,Robbins,14/01/2019,22.5,38
0A1A9104-F1E1-E743-06BD-1B9D25DCB901,Myra,Gould,06/10/2018,23.8,2
CD0229A4-91E4-2CB0-8EFD-3961D724BF0D,Serina,Carlson,16/08/2018,18.5,26
7452C902-2CFC-90E7-6C90-E6B0C9BF3920,Keaton,Green,30/08/2019,16.5,11
0A4E67A8-A7DD-FE84-A5D3-7A4E9934B1D5,Mallory,Shannon,14/11/2017,19.6,25
6553575D-6385-9EBF-985A-2CCD2713CD7A,Vincent,Collier,29/06/2019,20.2,49
FD3E36FB-C31F-1CB0-8BF1-CA74F80DD9C5,Sonia,Paul,12/09/2018,20,37
C610FD54-BB40-B8E5-ED69-E11B3A52CE71,Fletcher,Wyatt,08/10/2018,18,25
843DC1A7-A59B-B575-F6B8-4B4766CCB61E,Ramona,Beasley,16/08/2019,19.1,48
64876BF0-D120-9CF3-5F3B-879A3527A861,Carter,Fox,30/01/2019,20.7,5
24FE073F-E84F-BFDA-4A3E-2E2D1D521638,Yardley,Vega,11/04/2018,20.4,42
7BF868DE-1901-1960-C268-2D1ADDE491AA,Helen,Kelley,24/04/2019,19.2,25
7260C6E0-AC97-B394-AB17-78866EB1483B,Dorothy,Ashley,24/03/2019,14.7,47
6BBDDC3A-9A1D-4017-54D9-5D02F1A4008E,Benjamin,Daniels,05/02/2019,22.5,1
C7E17E53-403B-A162-A084-974C6AB39325,Oliver,Fleming,19/09/2018,19.6,21
D2E516A4-5DA8-8C6A-ABE0-C0DEB74A85E7,Selma,Compton,01/10/2017,19.7,47
945989F4-626C-345C-94F5-57CC7A0C5E68,Bevis,Gould,28/05/2018,22.2,29
ED73FD8C-F105-3825-896C-98F57C82DA6E,Rhiannon,Bernard,05/05/2018,20,21
6D86332D-7656-F0DA-5BFE-FD1E6D3A657D,Tucker,Holden,13/06/2019,15.1,13
5D551491-2349-3765-81C8-42085015E1CE,Kerry,Mejia,17/02/2018,21.7,13
9B74B557-8611-C5FF-1520-5FAD51F53B8A,Shay,Fernandez,20/04/2019,19.6,23
B3C7998A-F76C-32BF-AFBA-04F774DD14E0,Orla,Vang,05/07/2018,16.2,30
1298F3E1-F2E7-E314-23E2-54EA724F92A5,Gavin,Gonzalez,21/11/2017,19.6,23
DB4D775F-242D-A07A-5CFF-9366961DCFD1,Ina,Chapman,01/10/2018,22.2,21
633E2341-2E16-2657-DC9A-FA58B304EB73,Nevada,Ware,22/06/2019,20.3,33
C11EFC6A-C7FD-9F44-3B05-6B876D470CD3,Evan,Roach,04/03/2019,18.5,2
BAF11998-1D2C-E81E-B066-F6061AB76E09,Fay,Keith,23/03/2018,18.1,28
118B9E89-6972-19F4-FECA-0D80D9FBF60F,Plato,Montgomery,01/02/2019,22.2,4
3624B47C-3DAE-CE2E-E907-259CCFD20562,Nehru,Gross,12/10/2018,20.9,33
05D808A2-F7A4-F07A-AC6C-27E55A6DC554,Sade,Jenkins,19/03/2018,19.6,10
58068A5C-1001-F6EE-E874-CEF5F7AF184F,Candice,Garza,07/03/2018,17.8,44
7D245A30-BE69-2E93-3068-B895E32D4066,Sawyer,Vaughn,14/04/2018,19.5,32
C9ED59C5-A278-0652-05B0-F08C19B6697B,Fiona,Austin,02/06/2018,12.9,11
2E71ECCC-30C3-500A-0247-3D721CE3FEE1,Clinton,White,11/09/2017,18.1,10
A82364BF-F5A1-0B1C-DBDA-2A8AA861DA00,Kevin,Holloway,19/05/2018,18.4,17
72594871-E235-AEB5-288E-8A9178A7A485,Lysandra,Hall,04/06/2018,18.8,19
5DEC883A-C459-C983-6E28-BB70C27FDD99,Keely,Kennedy,13/11/2017,22,20
3ABA13E9-C72F-31ED-EDAC-3DD630C132DB,Omar,Frye,25/07/2019,20,24
7D5F6805-9B48-94C1-ABF5-894B8CC8C566,Jonas,Travis,27/01/2019,14.7,18
7D658FCE-C68E-572C-8B8E-CB4D9CD92C43,Sean,Velez,10/05/2018,20,34
006D67DA-B36D-757A-F993-6C48B61A857A,Jolene,Pierce,21/07/2019,22.4,34
D570FB5E-F310-78A3-57FA-C2E99F117F67,Tobias,Good,08/05/2018,21.9,47
1F449769-FC5C-757E-7A4C-D72C3213BEF9,Aline,Mcconnell,13/10/2017,16,42
2554B6BE-0C67-0FF6-FB07-A24240F8F87F,Eden,Thompson,21/08/2019,18.3,11
F9316316-3EBE-5D02-5A33-837DA5EB06B1,Celeste,Petty,30/05/2018,13.6,9
5E90D879-E734-7BA4-C03A-F312490E663C,Cassidy,Hernandez,21/12/2018,23.4,12
C5FF4CC5-9E33-57C1-5B26-864B9C626759,Jaden,Delgado,18/07/2018,15.4,32
5F412BA5-C7D2-B06C-65B5-611DDE5FDEC6,Callie,Trevino,16/03/2019,23.7,48
FA46AFD5-7943-7AE9-9EFB-FB154534BF2C,Kalia,Mcgowan,04/01/2018,21.5,15
5EAF3652-F5EE-1CF2-00CE-1CF602A465AA,Allen,Howe,20/11/2018,23.2,23
C910E63F-BD87-7B4C-975F-3C4080BB2F18,Gail,Shannon,05/04/2019,18.4,45
0E31FD62-132E-AB4A-4CA7-98A7E4F74AE1,Richard,Melendez,16/02/2019,17.7,4
8F94EDC8-8352-3B70-022A-EB1D391BB853,Ingrid,Hubbard,22/04/2018,14.9,46
26073BA0-806E-FE91-474E-480B7295AEBA,Jane,Burgess,03/05/2019,17.3,38
73A0C24A-2A8E-2C50-3362-AF259762FB1B,Jamal,Peters,30/03/2018,21.3,33
268543C4-78F4-F0DD-BA42-373DB6B4E5D9,Herrod,Parsons,15/02/2019,18.1,17
26DF5652-F89C-62FD-51F2-51F95C33C68B,Clementine,Martin,21/10/2018,19,20
0C0093B0-ED81-71B2-BDA1-439E716A6404,Quynn,Floyd,07/10/2018,22.2,41
18A16AE6-C5B2-8F18-D734-325481680077,Breanna,Watson,08/06/2019,21.8,39
7FFA555C-7778-240B-CA0D-0D8F4A5A6730,Wylie,Thomas,07/04/2018,21.4,40
E69BB063-CBC6-B4B3-6BAD-30680D204B82,Elvis,Stout,28/02/2019,21.1,33
F887E2C2-3084-A124-80CC-9D8ABA72B906,Miranda,Mckinney,28/07/2019,20.9,25
24FC6D0A-E3EB-F8A6-C4AA-81CA7C6E0554,Hamish,Henry,13/02/2018,21.9,34
B2F61940-15B7-4E26-BAC1-30A92C98A6A5,Sopoline,Sampson,21/10/2018,19.2,18
6A844492-82D0-CBC0-B2BC-0DE7F24AAC8D,Bertha,Oliver,01/04/2019,20.5,26
E742E4D6-2677-EB34-E953-D924F37E06F6,Wade,Rutledge,10/09/2019,13.9,48
9B437196-73FE-EDAA-CAED-13BB9B0377FB,Hayden,Coleman,02/04/2019,18.5,17
0BE77D13-ACA9-02A8-ECB2-557ECEA2FBC3,Aristotle,Bender,01/03/2019,16.6,5
6629C7D2-AD14-5FEE-1B9E-9D2B8E82B6B1,Demetria,Ross,22/12/2017,22.6,48
0E01D1EA-19E3-7BCB-2D6E-D27C22F22FE7,Yoshio,Barry,15/04/2019,17.1,29
B29B2CB6-C400-0664-5117-9CF188B02498,Hedwig,Sloan,25/12/2018,18.3,41
CB0853C6-75F4-1796-0E95-254626135860,Aidan,Richardson,16/09/2017,17.9,48
789B6DF1-4520-76E4-D445-BC8B956306CC,Carolyn,Gould,01/12/2018,21.3,50
CCB14E3C-C8CA-FF16-85AE-D6E0DD10ED7D,Blair,Hopkins,17/07/2019,18,16
7E1C4D24-69FD-11C4-9273-E002C82CB3AC,Astra,Norton,17/08/2018,18.1,18
492C9409-4AAC-AAF8-AEA2-E7868CC94F94,Sonia,Ingram,07/12/2018,23.6,30
9A8708DD-5C0E-7D05-627F-293D0AE0962D,Warren,Tanner,08/08/2019,17.1,20
D21A4042-C484-3E5F-F59D-9FAE9F893D26,Zachery,Montgomery,08/06/2018,19.7,21
D08330CB-131A-9F38-9CBC-F387E4795C14,Lars,Morin,25/05/2018,22.2,30
6C16C961-3F50-0C94-A24D-18930631D2EC,Kendall,Mcbride,21/02/2018,17.2,16
FC7A3881-01FE-6136-1373-6A4ECBDB106F,Buffy,Bradshaw,27/01/2018,20,17
D5793450-0442-DB1A-9915-020CADAF27C0,Elmo,Cruz,11/04/2019,22.1,20
2EB3AD92-2E4E-A376-1C41-C18A44C9A5EC,Otto,Riley,27/09/2018,21.3,47
B84B0CD0-BA48-BEA2-76E8-8FDF84507EF9,Imani,Spence,23/05/2019,17.7,18
1030AE90-DA2D-D1F3-1F72-266D7B59D733,Victoria,Dennis,07/06/2018,23.8,0
94E5BD7C-0C32-427C-F25C-8767123BFC1A,Carly,Gibbs,28/01/2019,23.4,3
7A5919B0-BA9A-6F4B-6B15-6D7E02FB5A09,Steven,Meadows,19/05/2019,21.1,2
FA81557B-FA9C-F06E-EED7-3A5240D1C5F7,Nayda,Rose,17/04/2019,20.9,46
2AF4B05D-13FE-B8AA-54A8-1650AE83A335,Shea,Washington,27/02/2018,23.4,23
10F55E29-0EE7-0A83-7804-CCD4EFBF9072,Cyrus,Davis,01/04/2019,27.6,7
F0D2BFD6-E5B7-ECD9-8DC8-202A45CB52DB,Martha,Freeman,11/12/2017,20.2,35
DA78E1D1-656B-7586-8518-924CED89CB7F,Kim,Banks,02/05/2018,19.8,35
CF2FC849-9A14-43A3-547A-41F2994114D6,Jillian,Wilder,19/08/2018,19.8,9
3B7AEA0D-FD5F-60E3-755D-4AED99E5A616,Naida,Brock,12/11/2018,16.6,43
4A088824-4B03-285A-378D-810E98C1B38E,Vivian,Mccoy,29/12/2017,19.2,26
C4A79544-A463-CBD4-4F4F-DF7ECAEC8963,Xavier,Rasmussen,07/11/2018,18,15
940D1FC1-BD9A-2F79-3CEA-7AB399282BDA,Cody,Moon,04/12/2017,20.2,27
B942349E-B1C8-A7F5-3C58-463272CE123B,Ariel,Gregory,05/05/2019,19.7,35
38B09505-C1AB-C8F3-F7C6-A79FCD4DC792,Allistair,Bolton,31/01/2018,20.8,23
AFDA158E-90B2-7043-88D7-21FB3DAECB52,Mariam,Moody,27/03/2019,18,19
D6D1A5B8-86AC-6455-8B36-5E518D9A298C,Xena,Mercado,25/09/2017,21.2,2
287F8C87-5A80-53F2-F5C8-87249E9DFC29,Ira,Rivera,24/06/2018,21.7,15
0B7DE1FD-2C05-16A9-FDFB-1D72E371F88B,Brody,Valentine,14/11/2018,19.4,10
4B77F20C-D063-07EE-120A-DE075F7456DD,Lance,Glass,19/05/2018,18.2,35
F8D2538F-4620-73AD-F330-F231D80C2393,Uriah,Landry,26/08/2018,21.1,33
084A55F6-533F-92C6-351D-4DEEF746FF6A,Darrel,Walsh,29/10/2017,21.6,33
045A22C4-5D98-A76B-DEAD-1F84D9BA9193,Skyler,Greer,23/04/2018,22.9,27
A51C02F8-6817-DDB1-6E5E-46E649837C46,Roanna,Burgess,17/04/2018,22.3,38
E742A66E-1616-34E5-3CA9-0C00581EDE88,Carl,Sears,21/09/2017,16.5,25
E4BF8B9B-043B-D94A-F023-886B79F0BA89,Marah,Cleveland,27/12/2017,23.5,29
96E684C3-6FB2-8A97-4DC9-03CDBF330E01,Claudia,Pugh,11/12/2017,17.1,11
E676D8D9-5550-1A46-6E60-9F35CF31DF49,Andrew,Cooper,28/07/2018,17.6,50
F1D4CA2B-3595-3BAF-F47C-08AD20B3A28C,Ulla,Preston,29/11/2018,22.2,34
95EFE380-4D43-E3E1-31B8-9B4E61931E4D,Kessie,Randall,10/11/2017,25.1,40
7D4BE526-DEDB-07A6-5851-D87C4AD7E676,Tallulah,Whitaker,11/02/2018,20.6,25
644B5E49-0474-52BC-5080-1B4FFF50853B,Gillian,Hogan,07/02/2019,19.6,42
CACC2E62-0771-EFD8-1854-02B1CCF94B59,Aphrodite,Keller,05/03/2019,24.5,7
A065CFB2-6DC3-EA3F-9C00-55AA3B2649E6,Peter,Burnett,25/08/2018,24.2,8
08A0B5C9-D8F0-C95A-2ABA-6773767C90BE,Jeanette,Mcgee,11/12/2017,18,6
609848A0-A26B-9B03-AB6E-8DD8F897970F,Clarke,Greene,05/05/2018,18.7,42
A02F2393-4CE4-C595-1CAB-20CD8C8ECF53,Abraham,Knight,12/04/2018,17.6,48
94A0B14C-885C-C69F-7066-CC78060A0283,Tamekah,Combs,18/10/2017,22.2,42
86C05641-3C85-8D7E-3F29-95539E00CE8C,Irene,Holder,24/10/2017,17.8,14
C5F91054-EAB1-A448-EF5B-4A57EE12B810,Adria,Lambert,10/12/2018,20.6,29
7AE9B3FD-DB60-4BA0-D737-9F9032EC45AB,Chaim,Rasmussen,25/04/2019,22.4,31
AB69DA05-9C2E-14BB-318C-4E32EB0A0C6B,Camden,Christian,11/03/2019,21.2,27
130A0E92-5554-D114-D9AC-86C86000B7D8,Candice,Tyson,13/05/2019,20.3,15
85B9258A-97FB-217F-52F2-D3975873BBA8,Emi,Jefferson,15/01/2019,20.1,18
71781436-C17C-32AF-D432-0028016F3186,Quintessa,Frye,15/06/2019,21.2,29
EB6ACDD5-F96C-6917-F4A7-7C3B95CA0DD3,Jillian,Brennan,22/06/2018,18.7,50
24D81313-CFD5-6908-0A90-51F3405672D8,Burton,Jefferson,18/02/2019,17.9,37
ADA5D387-B0CA-E201-FF2E-2DAB18D36ADC,Shay,Fuentes,18/05/2019,18.1,46
529D2375-D9ED-34F8-CEAA-A260DC143BAC,Petra,Rios,30/11/2017,24.2,32
E4A2AB5F-16F5-57BC-88C8-CC10E3A176C4,Rajah,Herman,14/07/2019,17.5,29
337020CB-46B6-B437-9A20-0AB9690AB124,Leigh,Dean,18/04/2018,19.7,28
D922B533-73B0-3CB6-D1D4-33624DC400E2,Gil,Espinoza,08/07/2018,18.2,49
